{
  "x": {
    "x[5,1,0]": 1.0,
    "x[1,2,0]": 1.0,
    "x[6,3,0]": 1.0,
    "x[0,4,0]": 1.0,
    "x[3,5,0]": 1.0,
    "x[4,6,0]": 1.0,
    "x[2,7,0]": 1.0
  },
  "y": {
    "y[0,4,0]": 1.0,
    "y[4,7,0]": 1.0,
    "y[0,6,1]": 1.0,
    "y[6,7,1]": 1.0,
    "y[0,5,2]": 1.0,
    "y[5,7,2]": 1.0,
    "y[0,1,3]": 1.0,
    "y[1,7,3]": 1.0
  },
  "f": {
    "f[4,6,0,0]": 1.0,
    "f[6,3,0,1]": 1.0,
    "f[5,1,0,2]": 1.0,
    "f[1,2,0,3]": 1.0
  },
  "g": {
    "g[4,4,0,0]": 1.0,
    "g[6,6,0,1]": 1.0,
    "g[3,5,0,2]": 1.0,
    "g[5,5,0,2]": 1.0,
    "g[1,1,0,3]": 1.0
  },
  "v": {
    "v[4, 0]": 0.05138411227380857,
    "v[7, 0]": 0.10276822454761714,
    "v[7, 1]": 0.04022728221025318,
    "v[7, 2]": 0.030580752005334944,
    "v[7, 3]": 0.04780189832672477,
    "v[3, 4]": 2.4582658165218007e-09,
    "v[7, 4]": 0.030580752005334944,
    "v[3, 5]": 2.4582658241204373e-09,
    "v[7, 5]": 0.030580752005334944
  },
  "C": {
    "C[4, 0]": 0.05138411227380857,
    "C[3, 2]": 0.06572437705472112
  },
  "s": {
    "s[1, 0]": 1.0,
    "s[2, 0]": 1.0,
    "s[3, 0]": 1.0,
    "s[4, 0]": 1.0,
    "s[5, 0]": 2.0,
    "s[6, 0]": 1.0,
    "s[7, 0]": 1.0
  },
  "D": {},
  "t": {
    "t[1]": 0.2977026350563392,
    "t[2]": 0.4557810932165012,
    "t[3]": 0.20003175357123837,
    "t[4]": 0.07340587466023862,
    "t[5]": 0.23517537862062454,
    "t[6]": 0.10333144891774282
  },
  "t_a": {
    "t_a[1]": 0.29770263499813154,
    "t_a[3]": 479.99997852256547,
    "t_a[4]": 0.07340587466023862,
    "t_a[5]": 0.23517537862062454,
    "t_a[6]": 0.10333144891774282
  },
  "T": {
    "T[1]": 0.2977026350563392,
    "T[2]": 0.4557810932165012,
    "T[3]": 0.20003175357123837,
    "T[4]": 0.07340587466023862,
    "T[5]": 0.23517537862062454,
    "T[6]": 0.10333144891774282
  },
  "A": {
    "A[0]": 0.12478998693404719,
    "A[1]": 0.143558731127996,
    "A[2]": 0.2657561306259595,
    "A[3]": 0.3455045333248563
  },
  "B": {
    "B[0]": 0.5465329438447952
  },
  "B_a": {
    "B_a[0]": 0.5465329438447952
  },
  "u": {
    "u[0]": 1.0
  },
  "Optimal": 0.11710848932852969,
  "Time": 897909,
  "num_constraint": 2169,
  "Number of variables": 1361,
  "status": "OPTIMAL",
  "L": 30,
  "L_a": 480,
  "num_staff": 1,
  "cus_per_staff": 7,
  "staff_velocity": 35,
  "drone_velocity": 50,
  "solver": "SCIP",
  "num_worker": -1,
  "time_limit": 18000000
}