{
  "x": {
    "x[5,1,0]": 1.0,
    "x[0,2,0]": 1.0,
    "x[2,3,0]": 1.0,
    "x[3,4,0]": 1.0,
    "x[4,5,0]": 1.0,
    "x[1,6,0]": 1.0,
    "x[6,7,0]": 1.0
  },
  "y": {
    "y[0,2,0]": 1.0,
    "y[2,7,0]": 1.0,
    "y[0,3,1]": 1.0,
    "y[3,7,1]": 1.0,
    "y[0,4,2]": 1.0,
    "y[4,7,2]": 1.0,
    "y[0,5,3]": 1.0,
    "y[5,7,3]": 1.0,
    "y[0,1,4]": 1.0,
    "y[1,7,4]": 1.0
  },
  "f": {
    "f[2,3,0,0]": 1.0,
    "f[3,4,0,1]": 1.0,
    "f[4,5,0,2]": 1.0,
    "f[5,1,0,3]": 1.0,
    "f[1,6,0,4]": 1.0
  },
  "g": {
    "g[2,2,0,0]": 1.0,
    "g[4,3,0,1]": 1.0,
    "g[3,4,0,2]": 1.0,
    "g[1,5,0,3]": 1.0,
    "g[5,1,0,4]": 1.0
  },
  "v": {
    "v[2, 0]": 0.18761507514864206,
    "v[5, 0]": 30.0,
    "v[7, 0]": 0.3752301502972841,
    "v[3, 1]": 0.1749179290491156,
    "v[7, 1]": 0.34983585809823126,
    "v[4, 2]": 0.21049035142641512,
    "v[7, 2]": 0.4209807028528303,
    "v[5, 3]": 0.22563579794950425,
    "v[7, 3]": 0.45127159589901567,
    "v[1, 4]": 0.12865120760397988,
    "v[4, 4]": 3.4838297914523505e-17,
    "v[7, 4]": 0.2573024152079597,
    "v[7, 5]": 0.08214352984214202
  },
  "C": {
    "C[2, 0]": 0.18761507525535231,
    "C[3, 2]": 0.342653895660599,
    "C[1, 3]": 0.0692078488663308,
    "C[5, 4]": 0.2848783966351741
  },
  "s": {
    "s[1, 0]": 1.0,
    "s[2, 0]": 1.0,
    "s[3, 0]": 1.0,
    "s[4, 0]": 1.0,
    "s[5, 0]": 1.0,
    "s[6, 0]": 1.0,
    "s[7, 0]": 1.0
  },
  "D": {
    "D[6, 0]": 0.11734790005587925
  },
  "t": {
    "t[1]": 1.4965527402816987,
    "t[2]": 0.26802153605935847,
    "t[3]": 0.733265992311855,
    "t[4]": 0.8654295367301236,
    "t[5]": 1.340225925610542,
    "t[6]": 1.6621717670930303
  },
  "t_a": {
    "t_a[1]": 1.4965527402816987,
    "t_a[2]": 0.2680215361414079,
    "t_a[3]": 0.7332659921269756,
    "t_a[4]": 0.8654295366814119,
    "t_a[5]": 1.340225925494451
  },
  "T": {
    "T[1]": 1.4965527402816055,
    "T[2]": 0.2680215359432623,
    "T[3]": 0.7332659923118107,
    "T[4]": 0.865429536729913,
    "T[5]": 1.340225925610523,
    "T[6]": 1.6621717670929568
  },
  "A": {
    "A[0]": 0.4556366112899325,
    "A[1]": 0.9081839211760584,
    "A[2]": 1.0759198881078962,
    "A[3]": 1.565861723443959,
    "A[4]": 1.6252039478858933
  },
  "B": {
    "B[0]": 1.7795196669175564
  },
  "B_a": {
    "B_a[0]": 1.7795196669175564
  },
  "u": {
    "u[0]": 1.0
  },
  "Optimal": 1.0017031164733354,
  "Time": 1039619,
  "num_constraint": 2169,
  "Number of variables": 1361,
  "status": "OPTIMAL",
  "L": 30,
  "L_a": 480,
  "num_staff": 1,
  "cus_per_staff": 7,
  "staff_velocity": 35,
  "drone_velocity": 50,
  "solver": "SCIP",
  "num_worker": -1,
  "time_limit": 18000000
}