{
  "x": {
    "x[3,1,0]": 1.0,
    "x[5,2,0]": 1.0,
    "x[0,3,0]": 1.0,
    "x[2,4,0]": 1.0,
    "x[6,5,0]": 1.0,
    "x[1,6,0]": 1.0,
    "x[4,7,0]": 1.0
  },
  "y": {
    "y[0,3,0]": 1.0,
    "y[3,7,0]": 1.0,
    "y[0,1,1]": 1.0,
    "y[1,7,1]": 1.0,
    "y[0,5,2]": 1.0,
    "y[5,7,2]": 1.0,
    "y[0,2,3]": 1.0,
    "y[2,7,3]": 1.0
  },
  "f": {
    "f[3,1,0,0]": 1.0,
    "f[1,6,0,1]": 1.0,
    "f[5,2,0,2]": 1.0,
    "f[2,4,0,3]": 1.0
  },
  "g": {
    "g[3,3,0,0]": 1.0,
    "g[1,1,0,1]": 1.0,
    "g[5,5,0,2]": 1.0,
    "g[6,5,0,2]": 1.0,
    "g[2,2,0,3]": 1.0
  },
  "v": {
    "v[3, 0]": 0.0543343773460947,
    "v[7, 0]": 0.1086687546921894,
    "v[1, 1]": 0.04872733750380576,
    "v[7, 1]": 0.09745467500761151,
    "v[7, 2]": 0.04094076936598867,
    "v[7, 3]": 0.03163048630813137,
    "v[7, 4]": 0.03163048630813137,
    "v[7, 5]": 0.03163048630813137
  },
  "C": {
    "C[3, 0]": 0.05433437717147177,
    "C[1, 1]": 0.048727337474993464,
    "C[6, 2]": 0.07996762543605389
  },
  "s": {
    "s[1, 0]": 1.0,
    "s[2, 0]": 1.0,
    "s[3, 0]": 1.0,
    "s[4, 0]": 1.0,
    "s[5, 0]": 2.0,
    "s[6, 0]": 1.0,
    "s[7, 0]": 1.0
  },
  "D": {
    "D[4, 0]": 0.07153512164947286
  },
  "t": {
    "t[1]": 0.20306145248458018,
    "t[2]": 0.40024768450513115,
    "t[3]": 0.0776205389410648,
    "t[4]": 0.5118383852529885,
    "t[5]": 0.3071427270187409,
    "t[6]": 0.2681023596085308
  },
  "t_a": {
    "t_a[1]": 0.2030614525490165,
    "t_a[2]": 0.4002476846138949,
    "t_a[3]": 0.07762053886795114,
    "t_a[5]": 0.3071427270187409
  },
  "T": {
    "T[1]": 0.20306145248461424,
    "T[2]": 0.40024768450532533,
    "T[3]": 0.07762053899932653,
    "T[4]": 0.5118383852530177,
    "T[5]": 0.3071427270187147,
    "T[6]": 0.2681023596086903
  },
  "A": {
    "A[0]": 0.13195491621421696,
    "A[1]": 0.2517887900527457,
    "A[2]": 0.34808349638478836,
    "A[3]": 0.43187817092199515
  },
  "B": {
    "B[0]": 0.5833735069024905
  },
  "B_a": {
    "B_a[0]": 0.5833735069024905
  },
  "u": {
    "u[0]": 1.0
  },
  "Optimal": 0.25456446173199193,
  "Time": 16488764,
  "num_constraint": 2169,
  "Number of variables": 1361,
  "status": "FEASIBLE",
  "L": 30,
  "L_a": 480,
  "num_staff": 1,
  "cus_per_staff": 7,
  "staff_velocity": 35,
  "drone_velocity": 50,
  "solver": "SCIP",
  "num_worker": -1,
  "time_limit": 18000000
}