{
  "x": {
    "x[4,1,0]": 1.0,
    "x[0,2,0]": 1.0,
    "x[5,3,0]": 1.0,
    "x[3,4,0]": 1.0,
    "x[2,5,0]": 1.0,
    "x[1,6,0]": 1.0,
    "x[6,7,0]": 1.0
  },
  "y": {
    "y[0,2,0]": 1.0,
    "y[2,7,0]": 1.0,
    "y[0,5,1]": 1.0,
    "y[5,7,1]": 1.0,
    "y[0,3,2]": 1.0,
    "y[3,7,2]": 1.0,
    "y[0,4,3]": 1.0,
    "y[4,7,3]": 1.0,
    "y[0,1,4]": 1.0,
    "y[1,7,4]": 1.0
  },
  "f": {
    "f[2,5,0,0]": 1.0,
    "f[5,3,0,1]": 1.0,
    "f[3,4,0,2]": 1.0,
    "f[4,1,0,3]": 1.0,
    "f[1,6,0,4]": 1.0
  },
  "g": {
    "g[2,2,0,0]": 1.0,
    "g[3,5,0,1]": 1.0,
    "g[4,3,0,2]": 1.0,
    "g[5,4,0,3]": 1.0,
    "g[1,1,0,4]": 1.0
  },
  "v": {
    "v[1, 0]": 29.999999999999996,
    "v[2, 0]": 0.13762597064487642,
    "v[3, 0]": 30.0,
    "v[6, 0]": 30.0,
    "v[7, 0]": 0.2752519412897527,
    "v[5, 1]": 0.12840464792679995,
    "v[7, 1]": 0.2568092958535999,
    "v[3, 2]": 0.18698498618323361,
    "v[6, 2]": 30.0,
    "v[7, 2]": 0.37396997236647006,
    "v[4, 3]": 0.2524543594336138,
    "v[7, 3]": 0.5049087188672274,
    "v[1, 4]": 0.13372067001183252,
    "v[7, 4]": 0.2674413400236517,
    "v[7, 5]": 0.12105966219678521
  },
  "C": {
    "C[2, 0]": 0.13762597046486658,
    "C[5, 3]": 0.5020680516717183,
    "C[1, 4]": 0.13372066983024788
  },
  "s": {
    "s[1, 0]": 1.0,
    "s[2, 0]": 1.0,
    "s[3, 0]": 1.0,
    "s[4, 0]": 1.0,
    "s[5, 0]": 1.0,
    "s[6, 0]": 1.0,
    "s[7, 0]": 1.0
  },
  "D": {
    "D[6, 0]": 0.17294237447061808
  },
  "t": {
    "t[1]": 1.3322546593263482,
    "t[2]": 0.1966085295421954,
    "t[3]": 0.6346521437515558,
    "t[4]": 0.7809404643484825,
    "t[5]": 0.5313267721791604,
    "t[6]": 1.6364785774494783
  },
  "t_a": {
    "t_a[1]": 1.3322546591445765,
    "t_a[2]": 0.1966085293679498,
    "t_a[3]": 0.6346521438806114,
    "t_a[4]": 0.7809404643484829,
    "t_a[5]": 0.5313267721096873
  },
  "T": {
    "T[1]": 1.332254659326176,
    "T[2]": 0.1966085295425728,
    "T[3]": 0.6346521437516405,
    "T[4]": 0.780940464348505,
    "T[5]": 0.531326772179223,
    "T[6]": 1.6364785774496484
  },
  "A": {
    "A[0]": 0.3342345000128262,
    "A[1]": 0.6597314200363811,
    "A[2]": 0.8216371300641139,
    "A[3]": 1.033394823782146,
    "A[4]": 1.4659753291564237
  },
  "B": {
    "B[0]": 1.8094209519917455
  },
  "B_a": {
    "B_a[0]": 1.8094209519917455
  },
  "u": {
    "u[0]": 1.0
  },
  "Optimal": 0.9463570664374509,
  "Time": 1167993,
  "num_constraint": 2169,
  "Number of variables": 1361,
  "status": "OPTIMAL",
  "L": 30,
  "L_a": 480,
  "num_staff": 1,
  "cus_per_staff": 7,
  "staff_velocity": 35,
  "drone_velocity": 50,
  "solver": "SCIP",
  "num_worker": -1,
  "time_limit": 18000000
}