{
  "x": {
    "x[3,1,0]": 1.0,
    "x[1,2,0]": 1.0,
    "x[0,3,0]": 1.0,
    "x[6,4,0]": 1.0,
    "x[4,5,0]": 1.0,
    "x[2,6,0]": 1.0,
    "x[5,7,0]": 1.0
  },
  "y": {
    "y[0,3,0]": 1.0,
    "y[3,7,0]": 1.0,
    "y[0,1,1]": 1.0,
    "y[1,7,1]": 1.0,
    "y[0,2,2]": 1.0,
    "y[2,7,2]": 1.0,
    "y[0,6,3]": 1.0,
    "y[6,7,3]": 1.0,
    "y[0,4,4]": 1.0,
    "y[4,7,4]": 1.0
  },
  "f": {
    "f[3,1,0,0]": 1.0,
    "f[1,2,0,1]": 1.0,
    "f[2,6,0,2]": 1.0,
    "f[6,4,0,3]": 1.0,
    "f[4,5,0,4]": 1.0
  },
  "g": {
    "g[3,3,0,0]": 1.0,
    "g[1,1,0,1]": 1.0,
    "g[2,2,0,2]": 1.0,
    "g[6,6,0,3]": 1.0,
    "g[5,4,0,4]": 1.0
  },
  "v": {
    "v[3, 0]": 0.10110817791428417,
    "v[4, 0]": 30.0,
    "v[7, 0]": 0.20221635582856834,
    "v[1, 1]": 0.09437595983035862,
    "v[7, 1]": 0.18875191966071725,
    "v[3, 2]": 30.0,
    "v[7, 2]": 0.04085696808760986,
    "v[6, 3]": 0.08459169697016478,
    "v[7, 3]": 0.16918339394032955,
    "v[4, 4]": 0.07772442686837167,
    "v[7, 4]": 0.15544885373674333,
    "v[7, 5]": 0.04085696808760986
  },
  "C": {
    "C[3, 0]": 0.10110817791428417,
    "C[1, 1]": 0.09437595983035862
  },
  "s": {
    "s[1, 0]": 1.0,
    "s[2, 0]": 1.0,
    "s[3, 0]": 1.0,
    "s[4, 0]": 1.0,
    "s[5, 0]": 1.0,
    "s[6, 0]": 1.0,
    "s[7, 0]": 1.0
  },
  "D": {
    "D[4, 0]": 0.17004559218185022
  },
  "t": {
    "t[1]": 0.4234889941290021,
    "t[2]": 0.6153464696835726,
    "t[3]": 0.14444025413831696,
    "t[4]": 0.94191391649656,
    "t[5]": 0.9865809824550524,
    "t[6]": 0.7935522336629219
  },
  "t_a": {
    "t_a[1]": 0.4234889941290021,
    "t_a[2]": 0.6153464696835726,
    "t_a[3]": 0.14444025413831696,
    "t_a[4]": 0.94191391649656,
    "t_a[6]": 0.7935522336629219
  },
  "T": {
    "T[1]": 0.4234889941290021,
    "T[2]": 0.6153464696835726,
    "T[3]": 0.14444025413831696,
    "T[4]": 0.94191391649656,
    "T[5]": 0.9865809824550524,
    "T[6]": 0.7935522336629219
  },
  "A": {
    "A[0]": 0.24554843205260113,
    "A[1]": 0.5178649539593607,
    "A[2]": 0.6562034377711825,
    "A[3]": 0.8781439306330867,
    "A[4]": 1.0196383433649316
  },
  "B": {
    "B[0]": 1.1119595086784102
  },
  "B_a": {
    "B_a[0]": 1.1119595086784102
  },
  "u": {
    "u[0]": 1.0
  },
  "Optimal": 0.365529729926493,
  "Time": 890554,
  "num_constraint": 2169,
  "Number of variables": 1361,
  "status": "OPTIMAL",
  "L": 30,
  "L_a": 480,
  "num_staff": 1,
  "cus_per_staff": 7,
  "staff_velocity": 35,
  "drone_velocity": 50,
  "solver": "SCIP",
  "num_worker": -1,
  "time_limit": 18000000
}