{
  "x": {
    "x[6,1,0]": 1.0,
    "x[5,2,0]": 1.0,
    "x[4,3,0]": 1.0,
    "x[1,4,0]": 1.0,
    "x[3,5,0]": 1.0,
    "x[0,6,0]": 1.0,
    "x[2,7,0]": 1.0
  },
  "y": {
    "y[0,6,0]": 1.0,
    "y[6,7,0]": 1.0,
    "y[0,1,1]": 1.0,
    "y[1,7,1]": 1.0,
    "y[0,4,2]": 1.0,
    "y[4,7,2]": 1.0,
    "y[0,3,3]": 1.0,
    "y[3,7,3]": 1.0,
    "y[0,5,4]": 1.0,
    "y[5,7,4]": 1.0
  },
  "f": {
    "f[6,1,0,0]": 1.0,
    "f[1,4,0,1]": 1.0,
    "f[4,3,0,2]": 1.0,
    "f[3,5,0,3]": 1.0,
    "f[5,2,0,4]": 1.0
  },
  "g": {
    "g[6,6,0,0]": 1.0,
    "g[1,1,0,1]": 1.0,
    "g[4,4,0,2]": 1.0,
    "g[5,3,0,3]": 1.0,
    "g[3,5,0,4]": 1.0
  },
  "v": {
    "v[5, 0]": 30.0,
    "v[6, 0]": 0.07800697040511295,
    "v[7, 0]": 0.1560139408102259,
    "v[1, 1]": 0.04882768169045448,
    "v[6, 1]": 30.0,
    "v[7, 1]": 0.09765536338090897,
    "v[4, 2]": 0.09864185866899788,
    "v[7, 2]": 0.19728371733799577,
    "v[3, 3]": 0.12999068346107379,
    "v[7, 3]": 0.25998136692214757,
    "v[5, 4]": 0.06827351718675345,
    "v[7, 4]": 0.1365470343735069,
    "v[7, 5]": 0.04829143296228722
  },
  "C": {
    "C[6, 0]": 0.07800697057973593,
    "C[1, 1]": 0.04882768169045448,
    "C[4, 2]": 0.09864185866899788,
    "C[3, 4]": 0.15855577203910798
  },
  "s": {
    "s[1, 0]": 1.0,
    "s[2, 0]": 1.0,
    "s[3, 0]": 1.0,
    "s[4, 0]": 1.0,
    "s[5, 0]": 1.0,
    "s[6, 0]": 1.0,
    "s[7, 0]": 1.0
  },
  "D": {},
  "t": {
    "t[1]": 0.27262597472872585,
    "t[2]": 0.664326207304839,
    "t[3]": 0.5388936109375209,
    "t[4]": 0.4160152542172,
    "t[5]": 0.6291758657898754,
    "t[6]": 0.1114385292166844
  },
  "t_a": {
    "t_a[1]": 0.27262597472872585,
    "t_a[3]": 0.5388936108211055,
    "t_a[4]": 0.4160152542172,
    "t_a[5]": 0.6291758657898754,
    "t_a[6]": 0.1114385292166844
  },
  "T": {
    "T[1]": 0.27262597472872585,
    "T[2]": 0.664326207304839,
    "T[3]": 0.5388936109375209,
    "T[4]": 0.4160152542172,
    "T[5]": 0.6291758657898754,
    "T[6]": 0.11143852915847674
  },
  "A": {
    "A[0]": 0.18944549962179735,
    "A[1]": 0.32145365641918033,
    "A[2]": 0.5146571128861979,
    "A[3]": 0.6688842942821793,
    "A[4]": 0.6974493829766288
  },
  "B": {
    "B[0]": 0.7333139686379582
  },
  "B_a": {
    "B_a[0]": 0.7333139686379582
  },
  "u": {
    "u[0]": 1.0
  },
  "Optimal": 0.3840322829782963,
  "Time": 1027953,
  "num_constraint": 2169,
  "Number of variables": 1361,
  "status": "OPTIMAL",
  "L": 30,
  "L_a": 480,
  "num_staff": 1,
  "cus_per_staff": 7,
  "staff_velocity": 35,
  "drone_velocity": 50,
  "solver": "SCIP",
  "num_worker": -1,
  "time_limit": 18000000
}