{
  "x": {
    "x[9,3,0]": 1.0,
    "x[3,6,0]": 1.0,
    "x[0,7,0]": 1.0,
    "x[7,9,0]": 1.0,
    "x[6,10,0]": 1.0,
    "x[10,13,0]": 1.0,
    "x[0,5,1]": 1.0,
    "x[11,8,1]": 1.0,
    "x[5,11,1]": 1.0,
    "x[8,13,1]": 1.0,
    "x[2,1,2]": 1.0,
    "x[0,2,2]": 1.0,
    "x[1,13,2]": 1.0,
    "x[12,4,3]": 1.0,
    "x[0,12,3]": 1.0,
    "x[4,13,3]": 1.0
  },
  "y": {
    "y[0,7,0]": 1.0,
    "y[7,13,0]": 1.0,
    "y[0,2,1]": 1.0,
    "y[2,3,1]": 1.0,
    "y[3,13,1]": 1.0,
    "y[0,12,2]": 1.0,
    "y[12,13,2]": 1.0,
    "y[0,5,3]": 1.0,
    "y[5,13,3]": 1.0,
    "y[0,11,4]": 1.0,
    "y[11,13,4]": 1.0,
    "y[0,6,5]": 1.0,
    "y[6,13,5]": 1.0
  },
  "f": {
    "f[7,9,0,0]": 1.0,
    "f[3,6,0,1]": 1.0,
    "f[6,10,0,5]": 1.0,
    "f[5,11,1,3]": 1.0,
    "f[11,8,1,4]": 1.0,
    "f[2,1,2,1]": 1.0,
    "f[12,4,3,2]": 1.0
  },
  "g": {
    "g[7,7,0,0]": 1.0,
    "g[3,3,0,1]": 1.0,
    "g[9,3,0,1]": 1.0,
    "g[6,6,0,5]": 1.0,
    "g[5,5,1,3]": 1.0,
    "g[11,11,1,4]": 1.0,
    "g[2,2,2,1]": 1.0,
    "g[12,12,3,2]": 1.0
  },
  "v": {
    "v[13, 0]": 0.03540042170789093,
    "v[2, 1]": 0.051573491422459504,
    "v[3, 1]": 0.1657060830522375,
    "v[13, 1]": 0.1773079609167072,
    "v[13, 2]": 0.041671170212794095,
    "v[13, 3]": 0.04789532639551908,
    "v[13, 4]": 0.026684837299399078,
    "v[6, 5]": 0.051322262734174715,
    "v[13, 5]": 0.10264452546836014,
    "v[13, 6]": 1.0,
    "v[13, 7]": 1.0,
    "v[13, 8]": 1.0,
    "v[13, 9]": 1.0,
    "v[13, 10]": 1.0,
    "v[13, 11]": 1.0
  },
  "C": {
    "C[7, 0]": 0.035400421499003465,
    "C[2, 1]": 0.12573446949376055,
    "C[3, 1]": 0.011601878029195175,
    "C[9, 1]": 0.08749620436578402,
    "C[12, 2]": 0.05581734341098943,
    "C[5, 3]": 0.053149847895785314,
    "C[11, 4]": 0.02668483729934305,
    "C[6, 5]": 0.051322262734420254
  },
  "s": {
    "s[3, 0]": 2.0,
    "s[6, 0]": 1.0,
    "s[7, 0]": 1.0,
    "s[9, 0]": 1.0,
    "s[10, 0]": 1.0,
    "s[13, 0]": 1.0,
    "s[5, 1]": 1.0,
    "s[8, 1]": 1.0,
    "s[11, 1]": 1.0,
    "s[13, 1]": 1.0,
    "s[1, 2]": 1.0,
    "s[2, 2]": 1.0,
    "s[13, 2]": 1.0,
    "s[4, 3]": 1.0,
    "s[12, 3]": 1.0,
    "s[13, 3]": 1.0
  },
  "D": {
    "D[10, 0]": 0.05161311064148322,
    "D[8, 1]": 0.08669795485911891,
    "D[1, 2]": 0.0748526687384583,
    "D[4, 3]": 0.06272084749070928
  },
  "t": {
    "t[1]": 0.2221095240672138,
    "t[2]": 0.07367641635909866,
    "t[3]": 0.18780900782374776,
    "t[4]": 0.19556475582066923,
    "t[5]": 0.07367641635937613,
    "t[6]": 0.2521660620689405,
    "t[7]": 0.050572030886079325,
    "t[8]": 0.22025641583604733,
    "t[9]": 0.11191468138648306,
    "t[10]": 0.37677014834415296,
    "t[11]": 0.1405338406329974,
    "t[12]": 0.07367641635937616
  },
  "t_a": {
    "t_a[2]": 0.07367641635909866,
    "t_a[3]": 0.1878090079886869,
    "t_a[5]": 0.07367641635937613,
    "t_a[6]": 0.2521660620689405,
    "t_a[7]": 0.05057203085217153,
    "t_a[11]": 0.1405338406329974,
    "t_a[12]": 0.07367641635937616
  },
  "T": {
    "T[1]": 0.2221095240672138,
    "T[2]": 0.07367641635937616,
    "T[3]": 0.18780900782374774,
    "T[4]": 0.19556475582066923,
    "T[5]": 0.06842189485905692,
    "T[6]": 0.2521660620689403,
    "T[7]": 0.050572031061165035,
    "T[8]": 0.22025641583604733,
    "T[9]": 0.11191468138667117,
    "T[10]": 0.37677014834415296,
    "T[11]": 0.14053384063299743,
    "T[12]": 0.05953024316113442
  },
  "A": {
    "A[0]": 0.08597245256013193,
    "A[1]": 0.19941088585312627,
    "A[2]": 0.11534758657217026,
    "A[3]": 0.12157174275502647,
    "A[4]": 0.16721867793239653,
    "A[5]": 0.3034883248031692
  },
  "B": {
    "B[0]": 0.4283832589856362,
    "B[1]": 0.30695437069516623,
    "B[2]": 0.2969621928056721,
    "B[3]": 0.2582856033113785
  },
  "B_a": {
    "B_a[0]": 0.4283832589856362,
    "B_a[1]": 0.30695437069516623,
    "B_a[2]": 0.2969621928056721,
    "B_a[3]": 0.2582856033113785
  },
  "u": {
    "u[0]": 1.0,
    "u[1]": 1.0,
    "u[2]": 1.0,
    "u[3]": 1.0
  },
  "Optimal": 0.7230918464580509,
  "Time": 18076438,
  "num_constraint": 26568,
  "Number of variables": 22466,
  "status": "FEASIBLE",
  "L": 30,
  "L_a": 480,
  "num_staff": 4,
  "cus_per_staff": 3,
  "staff_velocity": 35,
  "drone_velocity": 50,
  "solver": "SCIP",
  "num_worker": -1,
  "time_limit": 18000000
}