{
  "x": {
    "x[0,6,0]": 1.0,
    "x[6,7,0]": 1.0,
    "x[7,11,0]": 1.0,
    "x[3,1,1]": 1.0,
    "x[0,2,1]": 1.0,
    "x[2,3,1]": 1.0,
    "x[10,4,1]": 1.0,
    "x[4,5,1]": 1.0,
    "x[1,8,1]": 1.0,
    "x[8,9,1]": 1.0,
    "x[9,10,1]": 1.0,
    "x[5,11,1]": 1.0
  },
  "y": {
    "y[0,6,0]": 1.0,
    "y[6,11,0]": 1.0,
    "y[0,2,1]": 1.0,
    "y[2,11,1]": 1.0,
    "y[0,3,2]": 1.0,
    "y[3,11,2]": 1.0,
    "y[0,1,3]": 1.0,
    "y[1,11,3]": 1.0,
    "y[0,8,4]": 1.0,
    "y[8,11,4]": 1.0,
    "y[0,9,5]": 1.0,
    "y[9,11,5]": 1.0,
    "y[0,10,6]": 1.0,
    "y[10,11,6]": 1.0,
    "y[0,4,7]": 1.0,
    "y[4,11,7]": 1.0
  },
  "f": {
    "f[6,7,0,0]": 1.0,
    "f[2,3,1,1]": 1.0,
    "f[3,1,1,2]": 1.0,
    "f[1,8,1,3]": 1.0,
    "f[8,9,1,4]": 1.0,
    "f[9,10,1,5]": 1.0,
    "f[10,4,1,6]": 1.0,
    "f[4,5,1,7]": 1.0
  },
  "g": {
    "g[6,6,0,0]": 1.0,
    "g[2,2,1,1]": 1.0,
    "g[3,3,1,2]": 1.0,
    "g[1,1,1,3]": 1.0,
    "g[8,8,1,4]": 1.0,
    "g[10,9,1,5]": 1.0,
    "g[9,10,1,6]": 1.0,
    "g[4,4,1,7]": 1.0
  },
  "v": {
    "v[11, 0]": 0.045826591551303864,
    "v[2, 1]": 0.10494211822515354,
    "v[11, 1]": 0.20988423645030707,
    "v[3, 2]": 0.12249700410757214,
    "v[11, 2]": 0.24499400821514428,
    "v[1, 3]": 0.060966792691033334,
    "v[11, 3]": 0.12193358538206667,
    "v[8, 4]": 0.04901503230212256,
    "v[11, 4]": 0.09803006460424513,
    "v[9, 5]": 0.0870820070267655,
    "v[11, 5]": 0.174164014053531,
    "v[10, 6]": 0.0790023315930739,
    "v[11, 6]": 0.1580046631861478,
    "v[4, 7]": 0.1028409653226845,
    "v[11, 7]": 0.205681930645369,
    "v[11, 8]": 1.0,
    "v[11, 9]": 1.0
  },
  "C": {
    "C[6, 0]": 0.026186623726971447,
    "C[2, 1]": 0.10494211822515354,
    "C[3, 2]": 0.12249700410757236,
    "C[1, 3]": 0.060966792691033334,
    "C[8, 4]": 0.04901503230212256,
    "C[10, 5]": 0.013703099451959133,
    "C[9, 6]": 0.15238123916788027,
    "C[4, 7]": 0.1028409653226845
  },
  "s": {
    "s[6, 0]": 1.0,
    "s[7, 0]": 1.0,
    "s[11, 0]": 1.0,
    "s[1, 1]": 1.0,
    "s[2, 1]": 1.0,
    "s[3, 1]": 1.0,
    "s[4, 1]": 1.0,
    "s[5, 1]": 1.0,
    "s[8, 1]": 1.0,
    "s[9, 1]": 1.0,
    "s[10, 1]": 1.0,
    "s[11, 1]": 1.0
  },
  "D": {
    "D[7, 0]": 0.13315050298115239,
    "D[5, 1]": 0.08927071915240958
  },
  "t": {
    "t[1]": 0.5936866104602816,
    "t[2]": 0.14991731179179624,
    "t[3]": 0.39223232737276725,
    "t[4]": 1.1171845712815414,
    "t[5]": 1.1752154409186917,
    "t[6]": 0.045826591551303864,
    "t[7]": 0.23114861059002578,
    "t[8]": 0.7382019694196063,
    "t[9]": 0.9250517509644853,
    "t[10]": 0.9984306585392917
  },
  "t_a": {
    "t_a[1]": 0.5936866104602816,
    "t_a[2]": 0.14991731179179624,
    "t_a[3]": 0.39223232737276725,
    "t_a[4]": 1.1171845712815414,
    "t_a[6]": 0.045826591551303864,
    "t_a[8]": 0.7382019694196063,
    "t_a[9]": 0.9250517509644853,
    "t_a[10]": 0.9984306585392917
  },
  "T": {
    "T[1]": 0.5936866104602816,
    "T[2]": 0.14991731179179624,
    "T[3]": 0.39223232737276703,
    "T[4]": 1.1171845712815414,
    "T[5]": 1.1752154409186917,
    "T[6]": 0.06546655937563628,
    "T[7]": 0.23114861059002578,
    "T[8]": 0.7382019694196063,
    "T[9]": 0.9250517509644853,
    "T[10]": 0.9984306585392917
  },
  "A": {
    "A[0]": 0.09165318310260773,
    "A[1]": 0.2548594300169498,
    "A[2]": 0.5147293314803394,
    "A[3]": 0.6546534031513149,
    "A[4]": 0.7872170017217288,
    "A[5]": 1.0121337579912508,
    "A[6]": 1.0774329901323656,
    "A[7]": 1.2200255366042259
  },
  "B": {
    "B[0]": 0.36429911357117817,
    "B[1]": 1.2644861600711013
  },
  "B_a": {
    "B_a[0]": 0.36429911357117817,
    "B_a[1]": 1.2644861600711013
  },
  "u": {
    "u[0]": 1.0,
    "u[1]": 1.0
  },
  "Optimal": 0.8549540971289391,
  "Time": 18000040,
  "num_constraint": 10646,
  "Number of variables": 7828,
  "status": "FEASIBLE",
  "L": 30,
  "L_a": 480,
  "num_staff": 2,
  "cus_per_staff": 7,
  "staff_velocity": 35,
  "drone_velocity": 50,
  "solver": "SCIP",
  "num_worker": -1,
  "time_limit": 18000000
}