{
  "x": {
    "x[5,3,0]": 1.0,
    "x[0,4,0]": 1.0,
    "x[4,5,0]": 1.0,
    "x[9,6,0]": 1.0,
    "x[3,8,0]": 1.0,
    "x[8,9,0]": 1.0,
    "x[6,11,0]": 1.0,
    "x[7,1,1]": 1.0,
    "x[1,2,1]": 1.0,
    "x[0,7,1]": 1.0,
    "x[2,10,1]": 1.0,
    "x[10,11,1]": 1.0
  },
  "y": {
    "y[0,5,0]": 1.0,
    "y[5,11,0]": 1.0,
    "y[0,7,1]": 1.0,
    "y[7,11,1]": 1.0,
    "y[0,3,2]": 1.0,
    "y[3,11,2]": 1.0,
    "y[0,1,3]": 1.0,
    "y[1,11,3]": 1.0,
    "y[0,9,4]": 1.0,
    "y[9,11,4]": 1.0
  },
  "f": {
    "f[5,3,0,0]": 1.0,
    "f[3,8,0,2]": 1.0,
    "f[9,6,0,4]": 1.0,
    "f[7,1,1,1]": 1.0,
    "f[1,2,1,3]": 1.0
  },
  "g": {
    "g[4,5,0,0]": 1.0,
    "g[5,5,0,0]": 1.0,
    "g[8,3,0,2]": 1.0,
    "g[3,9,0,4]": 1.0,
    "g[9,9,0,4]": 1.0,
    "g[7,7,1,1]": 1.0,
    "g[1,1,1,3]": 1.0
  },
  "v": {
    "v[11, 0]": 0.03698112891288474,
    "v[7, 1]": 0.0948467024718411,
    "v[11, 1]": 0.18969340494369463,
    "v[3, 2]": 0.10728909133467822,
    "v[11, 2]": 0.21457818266935583,
    "v[1, 3]": 0.054455849458463476,
    "v[11, 3]": 0.1089116989169344,
    "v[9, 4]": 0.07783284789184111,
    "v[11, 4]": 0.15566569578368217,
    "v[11, 5]": 0.03698112891288474,
    "v[11, 6]": 0.03698112891288474,
    "v[11, 7]": 0.03698112891288474,
    "v[11, 8]": 0.03698112891288474,
    "v[11, 9]": 0.03698112891288474
  },
  "C": {
    "C[4, 0]": 0.10021093787924062,
    "C[5, 0]": 0.036981128937839,
    "C[7, 1]": 0.11924590813993063,
    "C[8, 2]": 0.07221479073959525,
    "C[1, 3]": 0.05445584909030185,
    "C[3, 4]": 0.35101363404967917,
    "C[9, 4]": 0.07783284789956893
  },
  "s": {
    "s[3, 0]": 1.0,
    "s[4, 0]": 1.0,
    "s[5, 0]": 2.0,
    "s[6, 0]": 1.0,
    "s[8, 0]": 1.0,
    "s[9, 0]": 2.0,
    "s[11, 0]": 1.0,
    "s[1, 1]": 1.0,
    "s[2, 1]": 1.0,
    "s[7, 1]": 1.0,
    "s[10, 1]": 2.0,
    "s[11, 1]": 2.0
  },
  "D": {
    "D[6, 0]": 0.18222131859414642,
    "D[2, 1]": 0.3901085108817096,
    "D[10, 1]": 0.13225756577646422
  },
  "t": {
    "t[1]": 0.37266308087582123,
    "t[2]": 0.5686562745762641,
    "t[3]": 0.32532277241330915,
    "t[4]": 0.09666468598879874,
    "t[5]": 0.15989449516728713,
    "t[6]": 0.8877510661109796,
    "t[7]": 0.15989449516711532,
    "t[8]": 0.36039707288029993,
    "t[9]": 0.5985035590694435,
    "t[10]": 0.8265072255042655
  },
  "t_a": {
    "t_a[1]": 0.3726630808758211,
    "t_a[3]": 0.3253227723127719,
    "t_a[5]": 0.15989449510920176,
    "t_a[7]": 0.15989449516711537,
    "t_a[9]": 0.5985035592457376
  },
  "T": {
    "T[1]": 0.37266308105707674,
    "T[2]": 0.5686562750927678,
    "T[3]": 0.32532277311433827,
    "T[4]": 0.09666468596041289,
    "T[5]": 0.159894494980108,
    "T[6]": 0.887751066349847,
    "T[7]": 0.13549528928706422,
    "T[8]": 0.3603970728161027,
    "T[9]": 0.5985035591371276,
    "T[10]": 0.8265072256434225
  },
  "A": {
    "A[0]": 0.19687562402200445,
    "A[1]": 0.254741197639044,
    "A[2]": 0.4326118636473729,
    "A[3]": 0.4271189303345015,
    "A[4]": 0.676336407137569
  },
  "B": {
    "B[0]": 1.0699723816795026,
    "B[1]": 0.9587647885663806
  },
  "B_a": {
    "B_a[0]": 1.0699723816795026,
    "B_a[1]": 0.9587647885663806
  },
  "u": {
    "u[0]": 1.0,
    "u[1]": 1.0
  },
  "Optimal": 1.5165424919884758,
  "Time": 16392751,
  "num_constraint": 10646,
  "Number of variables": 7828,
  "status": "FEASIBLE",
  "L": 30,
  "L_a": 480,
  "num_staff": 2,
  "cus_per_staff": 7,
  "staff_velocity": 35,
  "drone_velocity": 50,
  "solver": "SCIP",
  "num_worker": -1,
  "time_limit": 18000000
}