{
  "x": {
    "x[5,1,0]": 1.0,
    "x[8,5,0]": 1.0,
    "x[1,7,0]": 1.0,
    "x[0,8,0]": 1.0,
    "x[7,11,0]": 1.0,
    "x[6,2,1]": 1.0,
    "x[9,3,1]": 1.0,
    "x[3,4,1]": 1.0,
    "x[10,6,1]": 1.0,
    "x[0,9,1]": 1.0,
    "x[4,10,1]": 1.0,
    "x[2,11,1]": 1.0
  },
  "y": {
    "y[0,8,0]": 1.0,
    "y[8,11,0]": 1.0,
    "y[0,9,1]": 1.0,
    "y[9,11,1]": 1.0,
    "y[0,3,2]": 1.0,
    "y[3,11,2]": 1.0,
    "y[0,5,3]": 1.0,
    "y[5,11,3]": 1.0,
    "y[0,6,4]": 1.0,
    "y[6,11,4]": 1.0
  },
  "f": {
    "f[8,5,0,0]": 1.0,
    "f[5,1,0,3]": 1.0,
    "f[9,3,1,1]": 1.0,
    "f[3,4,1,2]": 1.0,
    "f[6,2,1,4]": 1.0
  },
  "g": {
    "g[8,8,0,0]": 1.0,
    "g[5,5,0,3]": 1.0,
    "g[3,9,1,1]": 1.0,
    "g[9,3,1,2]": 1.0,
    "g[4,6,1,4]": 1.0,
    "g[6,6,1,4]": 1.0,
    "g[10,6,1,4]": 1.0
  },
  "v": {
    "v[8, 0]": 0.06766675569815561,
    "v[11, 0]": 0.13533351139631122,
    "v[9, 1]": 0.10864614747697487,
    "v[11, 1]": 0.21729229495394975,
    "v[3, 2]": 0.13149442960275337,
    "v[11, 2]": 0.26298885920550674,
    "v[5, 3]": 0.05222509894520044,
    "v[11, 3]": 0.10445019789040089,
    "v[11, 4]": 0.03518132126191631,
    "v[11, 5]": 1.0,
    "v[11, 6]": 1.0,
    "v[11, 7]": 1.0,
    "v[11, 8]": 1.0,
    "v[11, 9]": 1.0
  },
  "C": {
    "C[8, 0]": 0.06766675569815561,
    "C[3, 1]": 0.07402725791325793,
    "C[9, 2]": 0.11955068452516582,
    "C[5, 3]": 0.05222509894520044,
    "C[4, 4]": 0.23320917075034156,
    "C[6, 4]": 0.03518132126191535,
    "C[10, 4]": 0.12347691645845771
  },
  "s": {
    "s[1, 0]": 1.0,
    "s[5, 0]": 1.0,
    "s[7, 0]": 2.0,
    "s[8, 0]": 1.0,
    "s[11, 0]": 2.0,
    "s[2, 1]": 1.0,
    "s[3, 1]": 1.0,
    "s[4, 1]": 1.0,
    "s[6, 1]": 3.0,
    "s[9, 1]": 1.0,
    "s[10, 1]": 2.0,
    "s[11, 1]": 1.0
  },
  "D": {
    "D[1, 0]": 0.1123278618324548,
    "D[7, 0]": 0.10223960754228756,
    "D[2, 1]": 0.12032857857411727
  },
  "t": {
    "t[1]": 0.332755651907064,
    "t[2]": 0.7393805956235157,
    "t[3]": 0.14326503704069193,
    "t[4]": 0.38006180920638155,
    "t[5]": 0.24844386032782495,
    "t[6]": 0.5780896586948076,
    "t[7]": 0.34284390619723126,
    "t[8]": 0.0966667938628234,
    "t[9]": 0.10864614747697487,
    "t[10]": 0.48979406349826615
  },
  "t_a": {
    "t_a[3]": 0.14326503704069193,
    "t_a[5]": 0.24844386032782495,
    "t_a[6]": 0.5780896586948076,
    "t_a[8]": 0.0966667938628234,
    "t_a[9]": 0.10864614747697487
  },
  "T": {
    "T[1]": 0.332755651907064,
    "T[2]": 0.7393805956235157,
    "T[3]": 0.14326503704069182,
    "T[4]": 0.38006180920638155,
    "T[5]": 0.24844386032782495,
    "T[6]": 0.5780896586948076,
    "T[7]": 0.34284390619723126,
    "T[8]": 0.0966667938628234,
    "T[9]": 0.1552087821182795,
    "T[10]": 0.48979406349826615
  },
  "A": {
    "A[0]": 0.164333549560979,
    "A[1]": 0.21729229495394975,
    "A[2]": 0.2747594666434453,
    "A[3]": 0.3006689592730254,
    "A[4]": 0.6132709799567239
  },
  "B": {
    "B[0]": 0.4450835137395188,
    "B[1]": 0.8597091741976329
  },
  "B_a": {
    "B_a[0]": 0.4450835137395188,
    "B_a[1]": 0.8597091741976329
  },
  "u": {
    "u[0]": 1.0,
    "u[1]": 1.0
  },
  "Optimal": 1.0402332535013539,
  "Time": 18854944,
  "num_constraint": 10646,
  "Number of variables": 7828,
  "status": "FEASIBLE",
  "L": 30,
  "L_a": 480,
  "num_staff": 2,
  "cus_per_staff": 7,
  "staff_velocity": 35,
  "drone_velocity": 50,
  "solver": "SCIP",
  "num_worker": -1,
  "time_limit": 18000000
}