{
  "x": {
    "x[6,1,0]": 1.0,
    "x[5,2,0]": 1.0,
    "x[4,3,0]": 1.0,
    "x[0,4,0]": 1.0,
    "x[1,5,0]": 1.0,
    "x[3,6,0]": 1.0, 
    "x[2,7,0]": 1.0
  },
  "y": {
    "y[0,4,0]": 1.0,
    "y[4,7,0]": 1.0,
    "y[0,3,1]": 1.0,
    "y[3,7,1]": 1.0,
    "y[0,6,2]": 1.0,
    "y[6,7,2]": 1.0,
    "y[0,1,3]": 1.0,
    "y[1,7,3]": 1.0, 
    "y[0,5,4]": 1.0,
    "y[5,7,4]": 1.0
  },
  "f": {
    "f[4,3,0,0]": 1.0,
    "f[3,6,0,1]": 1.0,
    "f[6,1,0,2]": 1.0,
    "f[1,5,0,3]": 1.0,
    "f[5,2,0,4]": 1.0
  },
  "g": {
    "g[4,4,0,0]": 1.0,
    "g[3,3,0,1]": 1.0,
    "g[6,6,0,2]": 1.0,
    "g[1,1,0,3]": 1.0,
    "g[5,5,0,4]": 1.0
  },
  "v": {
    "v[4, 0]": 3.0165412747596854,
    "v[7, 0]": 6.033082549519371,
    "v[3, 1]": 3.2731552600848586,
    "v[7, 1]": 6.546310520169717,
    "v[6, 2]": 2.3715884832363288,
    "v[7, 2]": 4.7431769664726575,
    "v[1, 3]": 2.935381777730105,
    "v[7, 3]": 5.87076355546021,
    "v[5, 4]": 2.4663114090472216,
    "v[7, 4]": 4.932622818094443
  },
  "C": {
    "C[4, 0]": 3.016541274675873,
    "C[3, 1]": 3.273155260123138,
    "C[6, 2]": 2.371588483271385,
    "C[1, 3]": 2.9353817777646856,
    "C[5, 4]": 2.466311409096062
  },
  "s": {
    "s[1, 0]": 1.0,
    "s[2, 0]": 1.0,
    "s[3, 0]": 1.0,
    "s[4, 0]": 1.0,
    "s[5, 0]": 1.0,
    "s[6, 0]": 1.0,
    "s[7, 0]": 1.0
  },
  "D": {
    "D[2, 0]": 2.7267660629690718
  },
  "t": {
    "t[1]": 20.170591373750007,
    "t[2]": 27.36969293318757,
    "t[3]": 8.169203692621426,
    "t[4]": 4.316774582812077,
    "t[5]": 21.751290324632972,
    "t[6]": 16.245709046949184
  },
  "t_a": {
    "t_a[1]": 20.170591373718963,
    "t_a[3]": 8.16920369259038,
    "t_a[4]": 4.31677458278103,
    "t_a[5]": 21.751290324601925,
    "t_a[6]": 16.24570904691814
  },
  "T": {
    "T[1]": 20.17059137369528,
    "T[2]": 27.36969293313284,
    "T[3]": 8.169203692594063,
    "T[4]": 4.3167745828844275,
    "T[5]": 21.751290324578246,
    "T[6]": 16.245709046921824
  },
  "A": {
    "A[0]": 7.333315857560299,
    "A[1]": 11.442358952717202,
    "A[2]": 18.61729753019321,
    "A[3]": 23.105973151459963,
    "A[4]": 24.217601733674304
  },
  "B": {
    "B[0]": 30.096458996132963
  },
  "B_a": {
    "B_a[0]": 30.096458996132963
  },
  "u": {
    "u[0]": 1.0
  },
  "Optimal": 16.789744267822243,
  "Time": 14759315,
  "num_constraint": 2169,
  "Number of variables": 1361,
  "status": "OPTIMAL",
  "L": 30,
  "L_a": 180,
  "staff_velocity": 0.58,
  "drone_velocity": 0.83,
  "num_staff": 1,
  "cus_per_staff": 7,
  "solver": "CBC",
  "num_worker": -1,
  "time_limit": 18000000
}