{
  "x": {
    "x[6,1,0]": 1.0,
    "x[3,2,0]": 1.0,
    "x[1,3,0]": 1.0,
    "x[5,4,0]": 1.0,
    "x[0,5,0]": 1.0,
    "x[4,6,0]": 1.0,
    "x[2,7,0]": 1.0
  },
  "y": {
    "y[0,1,0]": 1.0,
    "y[1,7,0]": 1.0,
    "y[0,3,1]": 1.0,
    "y[3,7,1]": 1.0
  },
  "f": {
    "f[1,3,0,0]": 1.0,
    "f[3,2,0,1]": 1.0
  },
  "g": {
    "g[1,1,0,0]": 1.0,
    "g[4,1,0,0]": 1.0,
    "g[5,1,0,0]": 1.0,
    "g[6,1,0,0]": 1.0,
    "g[3,3,0,1]": 1.0
  },
  "v": {
    "v[1, 0]": 0.04872733755470216,
    "v[7, 0]": 0.09745467510940432,
    "v[3, 1]": 0.05433437741701318,
    "v[7, 1]": 0.10866875483402635
  },
  "C": {
    "C[1, 0]": 0.04872733770087393,
    "C[4, 0]": 0.22852861871427427,
    "C[5, 0]": 0.3190899702442629,
    "C[6, 0]": 0.11376824495426853,
    "C[3, 1]": 0.05433437750460479
  },
  "s": {
    "s[1, 0]": 4.0,
    "s[2, 0]": 1.0,
    "s[3, 0]": 1.0,
    "s[4, 0]": 2.0,
    "s[5, 0]": 1.0,
    "s[6, 0]": 3.0,
    "s[7, 0]": 1.0
  },
  "D": {
    "D[2, 0]": 0.045186409358777116
  },
  "t": {
    "t[1]": 0.328849446133847,
    "t[2]": 0.5471083644938656,
    "t[3]": 0.45429035982105453,
    "t[4]": 0.14904816522147102,
    "t[5]": 0.05848681338840948,
    "t[6]": 0.2638085388804524
  },
  "t_a": {
    "t_a[1]": 0.32884944619863454,
    "t_a[3]": 0.4542903598858421
  },
  "T": {
    "T[1]": 0.3288494459317984,
    "T[2]": 0.5471083642918169,
    "T[3]": 0.4542903596190059,
    "T[4]": 0.14904816491839804,
    "T[5]": 0.05848681338840948,
    "T[6]": 0.26380853867840376
  },
  "A": {
    "A[0]": 0.3775767836974599,
    "A[1]": 0.5086247371883983
  },
  "B": {
    "B[0]": 0.5922947736505939
  },
  "B_a": {
    "B_a[0]": 0.5922947736505939
  },
  "u": {
    "u[0]": 1.0
  },
  "Optimal": 0.8096349565312266,
  "Time": 8395,
  "num_constraint": 2169,
  "Number of variables": 1361,
  "status": "FEASIBLE",
  "L": 30,
  "L_a": 480,
  "num_staff": 1,
  "cus_per_staff": 7,
  "staff_velocity": 35,
  "drone_velocity": 50,
  "solver": "CBC",
  "num_worker": -1,
  "time_limit": 10000
}