{
  "x": {
    "x[4,1,0]": 1.0,
    "x[1,2,0]": 1.0,
    "x[2,3,0]": 1.0,
    "x[6,4,0]": 1.0,
    "x[0,5,0]": 1.0,
    "x[5,6,0]": 1.0,
    "x[3,7,0]": 1.0
  },
  "y": {
    "y[0,1,0]": 1.0,
    "y[1,7,0]": 1.0,
    "y[0,2,1]": 1.0,
    "y[2,7,1]": 1.0
  },
  "f": {
    "f[1,2,0,0]": 1.0,
    "f[2,3,0,1]": 1.0
  },
  "g": {
    "g[2,1,0,0]": 1.0,
    "g[3,1,0,0]": 1.0,
    "g[4,1,0,0]": 1.0,
    "g[5,1,0,0]": 1.0,
    "g[6,2,0,1]": 1.0
  },
  "v": {
    "v[1, 0]": 0.046323762986610194,
    "v[7, 0]": 0.09264752597322039,
    "v[2, 1]": 0.06042488339147243,
    "v[7, 1]": 0.12084976678294486
  },
  "C": {
    "C[2, 0]": 0.024535531537552016,
    "C[3, 0]": 0.007380770899484812,
    "C[4, 0]": 0.168217807972604,
    "C[5, 0]": 0.3599149459954777,
    "C[6, 1]": 0.3239548490698074
  },
  "s": {
    "s[1, 0]": 4.0,
    "s[2, 0]": 1.0,
    "s[3, 0]": 1.0,
    "s[4, 0]": 3.0,
    "s[5, 0]": 1.0,
    "s[6, 0]": 2.0,
    "s[7, 0]": 1.0
  },
  "D": {
    "D[1, 0]": 0.1119611329960961
  },
  "t": {
    "t[1]": 0.384670863015861,
    "t[2]": 0.40645909463933755,
    "t[3]": 0.42361385527740475,
    "t[4]": 0.2627768182042855,
    "t[5]": 0.07107968005812773,
    "t[6]": 0.142929129142987
  },
  "t_a": {
    "t_a[1]": 0.3846708630806486,
    "t_a[2]": 0.40645909470412506
  },
  "T": {
    "T[1]": 0.3846708628138124,
    "T[2]": 0.40645909443728884,
    "T[3]": 0.42361385507535604,
    "T[4]": 0.26277681800223684,
    "T[5]": 0.07107967997936318,
    "T[6]": 0.14292912894093834
  },
  "A": {
    "A[0]": 0.43099462603962846,
    "A[1]": 0.46688397807553333
  },
  "B": {
    "B[0]": 0.4966319958099085
  },
  "B_a": {
    "B_a[0]": 0.4966319958099085
  },
  "u": {
    "u[0]": 1.0
  },
  "Optimal": 0.9959650366217829,
  "Time": 8378,
  "num_constraint": 2169,
  "Number of variables": 1361,
  "status": "FEASIBLE",
  "L": 30,
  "L_a": 480,
  "num_staff": 1,
  "cus_per_staff": 7,
  "staff_velocity": 35,
  "drone_velocity": 50,
  "solver": "CBC",
  "num_worker": -1,
  "time_limit": 10000
}