{
  "x": {
    "x[9,6,0]": 1.0,
    "x[0,7,0]": 1.0,
    "x[7,9,0]": 1.0,
    "x[6,11,0]": 1.0,
    "x[10,1,1]": 1.0,
    "x[1,2,1]": 1.0,
    "x[2,3,1]": 1.0,
    "x[0,4,1]": 1.0,
    "x[4,5,1]": 1.0,
    "x[5,8,1]": 1.0,
    "x[8,10,1]": 1.0,
    "x[3,11,1]": 1.0
  },
  "y": {
    "y[0,4,0]": 1.0,
    "y[4,11,0]": 1.0,
    "y[0,7,1]": 1.0,
    "y[7,11,1]": 1.0,
    "y[0,9,2]": 1.0,
    "y[9,10,2]": 1.0,
    "y[10,11,2]": 1.0,
    "y[0,5,3]": 1.0,
    "y[5,11,3]": 1.0,
    "y[0,1,4]": 1.0,
    "y[1,11,4]": 1.0,
    "y[0,2,5]": 1.0,
    "y[2,11,5]": 1.0
  },
  "f": {
    "f[7,9,0,1]": 1.0,
    "f[9,6,0,2]": 1.0,
    "f[4,5,1,0]": 1.0,
    "f[10,1,1,2]": 1.0,
    "f[5,8,1,3]": 1.0,
    "f[1,2,1,4]": 1.0,
    "f[2,3,1,5]": 1.0
  },
  "g": {
    "g[7,7,0,1]": 1.0,
    "g[9,9,0,2]": 1.0,
    "g[4,4,1,0]": 1.0,
    "g[8,10,1,2]": 1.0,
    "g[10,10,1,2]": 1.0,
    "g[5,5,1,3]": 1.0,
    "g[1,1,1,4]": 1.0,
    "g[2,2,1,5]": 1.0
  },
  "v": {
    "v[4, 0]": 0.08359587256563827,
    "v[11, 0]": 0.16719174513127655,
    "v[4, 1]": 30.0,
    "v[7, 1]": 0.049526048882398754,
    "v[11, 1]": 0.09905209776479751,
    "v[9, 2]": 0.17948367819190025,
    "v[10, 2]": 0.7658779486664571,
    "v[11, 2]": 0.907751954277046,
    "v[5, 3]": 0.2270230271969922,
    "v[11, 3]": 0.4540460543939844,
    "v[1, 4]": 0.10529240494361147,
    "v[11, 4]": 0.21058480988722295,
    "v[2, 5]": 0.1728275716304779,
    "v[11, 5]": 0.3456551432609558,
    "v[11, 6]": 0.049526048882398754,
    "v[11, 7]": 0.049526048882398754,
    "v[11, 8]": 0.049526048882398754,
    "v[11, 9]": 0.049526048882398754
  },
  "C": {
    "C[4, 0]": 0.08359587255984513,
    "C[7, 1]": 0.09819722547547816,
    "C[8, 2]": 0.30466203368268907,
    "C[9, 2]": 0.7282682760851458,
    "C[10, 2]": 0.14187400561058894,
    "C[5, 3]": 0.2270230271969922,
    "C[1, 4]": 0.10529240494361147,
    "C[2, 5]": 0.17282757145585492
  },
  "s": {
    "s[6, 0]": 1.0,
    "s[7, 0]": 1.0,
    "s[9, 0]": 1.0,
    "s[11, 0]": 1.0,
    "s[1, 1]": 1.0,
    "s[2, 1]": 1.0,
    "s[3, 1]": 1.0,
    "s[4, 1]": 1.0,
    "s[5, 1]": 1.0,
    "s[8, 1]": 1.0,
    "s[10, 1]": 2.0,
    "s[11, 1]": 1.0
  },
  "D": {
    "D[6, 0]": 0.3154853084124625,
    "D[3, 1]": 0.3491705827182159
  },
  "t": {
    "t[1]": 1.3153494746657088,
    "t[2]": 1.654197775060311,
    "t[3]": 1.8816868212888949,
    "t[4]": 0.11942267505219206,
    "t[5]": 0.3912257633637637,
    "t[6]": 0.5158118383260444,
    "t[7]": 0.1194226749939844,
    "t[8]": 0.8122071910765953,
    "t[9]": 0.38860094867413864,
    "t[10]": 0.9749952191486955
  },
  "t_a": {
    "t_a[1]": 1.3153494746657088,
    "t_a[2]": 1.654197774885688,
    "t_a[4]": 0.11942267505219206,
    "t_a[5]": 0.3912257633637637,
    "t_a[7]": 0.1194226749939844,
    "t_a[9]": 0.38860094867413864,
    "t_a[10]": 0.9749952191486955
  },
  "T": {
    "T[1]": 1.3153494746657088,
    "T[2]": 1.654197775060311,
    "T[3]": 1.8816868212888949,
    "T[4]": 0.11942267505219206,
    "T[5]": 0.3912257633637637,
    "T[6]": 0.5158118383260444,
    "T[7]": 0.07075149839511141,
    "T[8]": 0.8122071910765953,
    "T[9]": 0.38860094867413864,
    "T[10]": 0.9749952191486955
  },
  "A": {
    "A[0]": 0.20301854761783034,
    "A[1]": 0.16894872387638316,
    "A[2]": 1.1168692247592844,
    "A[3]": 0.6182487905607559,
    "A[4]": 1.4206418796093203,
    "A[5]": 1.8270253465161659
  },
  "B": {
    "B[0]": 0.8312971467385069,
    "B[1]": 2.2308574040071107
  },
  "B_a": {
    "B_a[0]": 0.8312971467385069,
    "B_a[1]": 2.2308574040071107
  },
  "u": {
    "u[0]": 1.0,
    "u[1]": 1.0
  },
  "Optimal": 2.526396308140884,
  "Time": 21687116,
  "num_constraint": 10646,
  "Number of variables": 7828,
  "status": "FEASIBLE",
  "L": 30,
  "L_a": 480,
  "num_staff": 2,
  "cus_per_staff": 7,
  "staff_velocity": 35,
  "drone_velocity": 50,
  "solver": "SCIP",
  "num_worker": -1,
  "time_limit": 18000000
}