{
  "x": {
    "x[0,1,0]": 1.0,
    "x[1,2,0]": 1.0,
    "x[5,3,0]": 1.0,
    "x[2,5,0]": 1.0,
    "x[9,6,0]": 1.0,
    "x[10,9,0]": 1.0,
    "x[3,10,0]": 1.0,
    "x[6,11,0]": 1.0,
    "x[0,4,1]": 1.0,
    "x[8,7,1]": 1.0,
    "x[4,8,1]": 1.0,
    "x[7,11,1]": 1.0
  },
  "y": {
    "y[0,4,0]": 1.0,
    "y[4,11,0]": 1.0,
    "y[0,1,1]": 1.0,
    "y[1,11,1]": 1.0,
    "y[0,3,2]": 1.0,
    "y[3,11,2]": 1.0,
    "y[0,10,3]": 1.0,
    "y[10,11,3]": 1.0
  },
  "f": {
    "f[1,2,0,1]": 1.0,
    "f[3,10,0,2]": 1.0,
    "f[10,9,0,3]": 1.0,
    "f[4,8,1,0]": 1.0
  },
  "g": {
    "g[1,1,0,1]": 1.0,
    "g[3,3,0,2]": 1.0,
    "g[5,3,0,2]": 1.0,
    "g[10,3,0,2]": 1.0,
    "g[2,10,0,3]": 1.0,
    "g[4,4,1,0]": 1.0
  },
  "v": {
    "v[11, 0]": 0.03506906289840117,
    "v[1, 1]": 0.0777117906836793,
    "v[11, 1]": 0.15542358136735857,
    "v[3, 2]": 0.10159149544779213,
    "v[11, 2]": 0.20318299089558423,
    "v[10, 3]": 0.08880601695273077,
    "v[11, 3]": 0.17761203390546143,
    "v[11, 4]": 1.0,
    "v[11, 5]": 1.0,
    "v[11, 6]": 1.0,
    "v[11, 7]": 1.0,
    "v[11, 8]": 1.0,
    "v[11, 9]": 1.0
  },
  "C": {
    "C[4, 0]": 0.0350690628984105,
    "C[1, 1]": 0.07771179068313194,
    "C[3, 2]": 0.10159149544774262,
    "C[5, 2]": 0.25849713868249113,
    "C[10, 2]": 0.02871268731553456,
    "C[2, 3]": 0.5593764340164683
  },
  "s": {
    "s[1, 0]": 1.0,
    "s[2, 0]": 1.0,
    "s[3, 0]": 3.0,
    "s[5, 0]": 2.0,
    "s[6, 0]": 2.0,
    "s[9, 0]": 1.0,
    "s[10, 0]": 1.0,
    "s[11, 0]": 2.0,
    "s[4, 1]": 1.0,
    "s[7, 1]": 2.0,
    "s[8, 1]": 1.0,
    "s[11, 1]": 2.0
  },
  "D": {
    "D[6, 0]": 0.09200135313805388,
    "D[9, 0]": 0.12009585706968662,
    "D[7, 1]": 0.10903234430588796,
    "D[8, 1]": 0.2540703181293794
  },
  "t": {
    "t[1]": 0.11101684387470712,
    "t[2]": 0.16923135163890007,
    "t[3]": 0.5669229605694321,
    "t[4]": 0.0500986613333225,
    "t[5]": 0.41001731733493707,
    "t[6]": 0.8845091488321093,
    "t[7]": 0.38283995073288685,
    "t[8]": 0.23780197690939528,
    "t[9]": 0.8564146449782907,
    "t[10]": 0.639801768701805
  },
  "t_a": {
    "t_a[1]": 0.11101684387470712,
    "t_a[3]": 0.5669229605694229,
    "t_a[4]": 0.050098661333322504,
    "t_a[10]": 0.6398017687021388
  },
  "T": {
    "T[1]": 0.11101684387540445,
    "T[2]": 0.169231351638918,
    "T[3]": 0.5669229605694321,
    "T[4]": 0.05009866133332251,
    "T[5]": 0.4100173173348487,
    "T[6]": 0.8845091488323439,
    "T[7]": 0.3828399507328866,
    "T[8]": 0.23780197690939528,
    "T[9]": 0.8564146449782907,
    "T[10]": 0.6398017687018049
  },
  "A": {
    "A[0]": 0.0851677242317237,
    "A[1]": 0.18872863455855424,
    "A[2]": 0.668514456017259,
    "A[3]": 0.7286077856551856
  },
  "B": {
    "B[0]": 0.9765105020479773,
    "B[1]": 0.4918722950387746
  },
  "B_a": {
    "B_a[0]": 0.9765105020479773,
    "B_a[1]": 0.4918722950387746
  },
  "u": {
    "u[0]": 1.0,
    "u[1]": 1.0
  },
  "Optimal": 1.6361584816867871,
  "Time": 16812864,
  "num_constraint": 10646,
  "Number of variables": 7828,
  "status": "FEASIBLE",
  "L": 30,
  "L_a": 480,
  "num_staff": 2,
  "cus_per_staff": 7,
  "staff_velocity": 35,
  "drone_velocity": 50,
  "solver": "SCIP",
  "num_worker": -1,
  "time_limit": 18000000
}