{
  "x": {
    "x[6,1,0]": 1.0,
    "x[11,3,0]": 1.0,
    "x[7,5,0]": 1.0,
    "x[0,6,0]": 1.0,
    "x[3,7,0]": 1.0,
    "x[1,10,0]": 1.0,
    "x[10,11,0]": 1.0,
    "x[5,13,0]": 1.0,
    "x[12,2,1]": 1.0,
    "x[9,4,1]": 1.0,
    "x[4,8,1]": 1.0,
    "x[0,9,1]": 1.0,
    "x[8,12,1]": 1.0,
    "x[2,13,1]": 1.0
  },
  "y": {
    "y[0,9,0]": 1.0,
    "y[9,13,0]": 1.0,
    "y[0,10,1]": 1.0,
    "y[10,13,1]": 1.0
  },
  "f": {
    "f[10,11,0,1]": 1.0,
    "f[9,4,1,0]": 1.0
  },
  "g": {
    "g[1,10,0,1]": 1.0,
    "g[6,10,0,1]": 1.0,
    "g[10,10,0,1]": 1.0,
    "g[9,9,1,0]": 1.0
  },
  "v": {
    "v[9, 0]": 0.10999620973598216,
    "v[13, 0]": 0.21999241947196424,
    "v[10, 1]": 0.0637150906259194,
    "v[13, 1]": 0.1274301812518388,
    "v[13, 2]": 1.0,
    "v[13, 3]": 1.0,
    "v[13, 4]": 1.0,
    "v[13, 5]": 1.0,
    "v[13, 6]": 1.0,
    "v[13, 7]": 1.0,
    "v[13, 8]": 1.0,
    "v[13, 9]": 1.0,
    "v[13, 10]": 1.0,
    "v[13, 11]": 1.0
  },
  "C": {
    "C[9, 0]": 0.109996209735987,
    "C[1, 1]": 0.2067213249392239,
    "C[6, 1]": 0.4526427940002806,
    "C[10, 1]": 0.06371509062412373
  },
  "s": {
    "s[1, 0]": 2.0,
    "s[3, 0]": 2.0,
    "s[5, 0]": 4.0,
    "s[6, 0]": 1.0,
    "s[7, 0]": 3.0,
    "s[10, 0]": 3.0,
    "s[11, 0]": 1.0,
    "s[13, 0]": 4.0,
    "s[2, 1]": 4.0,
    "s[4, 1]": 1.0,
    "s[8, 1]": 2.0,
    "s[9, 1]": 1.0,
    "s[12, 1]": 3.0,
    "s[13, 1]": 4.0
  },
  "D": {
    "D[3, 0]": 0.18996997922667563,
    "D[5, 0]": 0.027637017250526474,
    "D[7, 0]": 0.1352197489468383,
    "D[11, 0]": 0.2771955294714947,
    "D[2, 1]": 0.13958112006376233,
    "D[4, 1]": 0.23790130839951693,
    "D[8, 1]": 0.20387089863665148,
    "D[12, 1]": 0.173747563502025
  },
  "t": {
    "t[1]": 0.41019598493585363,
    "t[2]": 0.47272795223393094,
    "t[3]": 0.7847277908003885,
    "t[4]": 0.3744077641166401,
    "t[5]": 0.9470607527764514,
    "t[6]": 0.16427451587514955,
    "t[7]": 0.8394780210801399,
    "t[8]": 0.4084381738792759,
    "t[9]": 0.15713744249628162,
    "t[10]": 0.5532022192492538,
    "t[11]": 0.6975022405968436,
    "t[12]": 0.43856150901405677
  },
  "t_a": {
    "t_a[9]": 0.15713744249650113,
    "t_a[10]": 0.5532022192492813
  },
  "T": {
    "T[1]": 0.41019598493585363,
    "T[2]": 0.47272795223393094,
    "T[3]": 0.7847277908003027,
    "T[4]": 0.3744077641164103,
    "T[5]": 0.9470607527764516,
    "T[6]": 0.16427451587514952,
    "T[7]": 0.8394780210801397,
    "T[8]": 0.4084381738792758,
    "T[9]": 0.15713744249660522,
    "T[10]": 0.553202219249215,
    "T[11]": 0.6975022405968436,
    "T[12]": 0.4385615090139023
  },
  "A": {
    "A[0]": 0.2671336522324741,
    "A[1]": 0.6169173098751344
  },
  "B": {
    "B[0]": 0.9746977700269781,
    "B[1]": 0.6123090725159271
  },
  "B_a": {
    "B_a[0]": 0.9746977700269781,
    "B_a[1]": 0.6123090725159271
  },
  "u": {
    "u[0]": 1.0,
    "u[1]": 1.0
  },
  "Optimal": 2.2181985847971064,
  "Time": 19614449,
  "num_constraint": 17210,
  "Number of variables": 12604,
  "status": "FEASIBLE",
  "L": 30,
  "L_a": 480,
  "num_staff": 2,
  "cus_per_staff": 7,
  "staff_velocity": 35,
  "drone_velocity": 50,
  "solver": "SCIP",
  "num_worker": -1,
  "time_limit": 18000000
}