{
  "x": {
    "x[4,1,0]": 1.0,
    "x[1,2,0]": 1.0,
    "x[5,3,0]": 1.0,
    "x[6,4,0]": 1.0,
    "x[2,5,0]": 1.0,
    "x[0,6,0]": 1.0,
    "x[3,7,0]": 1.0
  },
  "y": {
    "y[0,6,0]": 1.0,
    "y[6,7,0]": 1.0,
    "y[0,4,1]": 1.0,
    "y[4,7,1]": 1.0
  },
  "f": {
    "f[6,4,0,0]": 1.0,
    "f[4,1,0,1]": 1.0
  },
  "g": {
    "g[6,6,0,0]": 1.0,
    "g[4,4,0,1]": 1.0
  },
  "v": {
    "v[6, 0]": 0.09701277548447247,
    "v[7, 0]": 0.19402555096894503,
    "v[4, 1]": 0.08524533291347328,
    "v[7, 1]": 0.1704906658269465,
    "v[5, 2]": 6.905791553107915e-09,
    "v[7, 2]": 0.04487357579637319,
    "v[5, 3]": 6.905791553107915e-09,
    "v[7, 3]": 0.04487357579637319,
    "v[7, 4]": 0.04487357579637319,
    "v[7, 5]": 0.04487357579637319
  },
  "C": {
    "C[6, 0]": 0.0970127751167979,
    "C[4, 1]": 0.0852453328732227
  },
  "s": {
    "s[1, 0]": 1.0,
    "s[2, 0]": 2.0,
    "s[3, 0]": 4.0,
    "s[4, 0]": 1.0,
    "s[5, 0]": 3.0,
    "s[6, 0]": 1.0,
    "s[7, 0]": 4.0
  },
  "D": {},
  "t": {
    "t[1]": 0.5406020700913663,
    "t[2]": 0.6002147517731985,
    "t[3]": 0.6830530903981711,
    "t[4]": 0.39812639901451213,
    "t[5]": 0.6464868279156252,
    "t[6]": 0.13858967913352427
  },
  "t_a": {
    "t_a[4]": 0.3981263991445303,
    "t_a[5]": 6.905791553107913e-09,
    "t_a[6]": 0.13858967904821287
  },
  "T": {
    "T[1]": 0.5406020700913798,
    "T[2]": 0.6002147517730255,
    "T[3]": 0.6830530903982234,
    "T[4]": 0.3981263990145739,
    "T[5]": 0.6464868279155352,
    "T[6]": 0.13858967926353216
  },
  "A": {
    "A[0]": 0.2356024545326947,
    "A[1]": 0.48337173205800354,
    "A[3]": 6.905791553107914e-09
  },
  "B": {
    "B[0]": 0.801642977270108
  },
  "B_a": {
    "B_a[0]": 0.801642977270108
  },
  "u": {
    "u[0]": 1.0
  },
  "Optimal": 0.1822581079900206,
  "Time": 1186062,
  "num_constraint": 2169,
  "Number of variables": 1361,
  "status": "OPTIMAL",
  "L": 30,
  "L_a": 480,
  "num_staff": 1,
  "cus_per_staff": 7,
  "staff_velocity": 35,
  "drone_velocity": 50,
  "solver": "SCIP",
  "num_worker": -1,
  "time_limit": 18000000
}