{
  "x": {
    "x[5,1,0]": 1.0,
    "x[3,2,0]": 1.0,
    "x[4,3,0]": 1.0,
    "x[1,4,0]": 1.0,
    "x[6,5,0]": 1.0,
    "x[0,6,0]": 1.0,
    "x[2,7,0]": 1.0
  },
  "y": {
    "y[0,6,0]": 1.0,
    "y[6,7,0]": 1.0,
    "y[0,5,1]": 1.0,
    "y[5,7,1]": 1.0,
    "y[0,1,2]": 1.0,
    "y[1,7,2]": 1.0,
    "y[0,4,3]": 1.0,
    "y[4,7,3]": 1.0,
    "y[0,3,4]": 1.0,
    "y[3,7,4]": 1.0
  },
  "f": {
    "f[6,5,0,0]": 1.0,
    "f[5,1,0,1]": 1.0,
    "f[1,4,0,2]": 1.0,
    "f[4,3,0,3]": 1.0,
    "f[3,2,0,4]": 1.0
  },
  "g": {
    "g[6,6,0,0]": 1.0,
    "g[5,5,0,1]": 1.0,
    "g[1,1,0,2]": 1.0,
    "g[4,4,0,3]": 1.0,
    "g[3,3,0,4]": 1.0
  },
  "v": {
    "v[7, 0]": 0.0362172206514515,
    "v[7, 1]": 0.037866657541599125,
    "v[7, 2]": 0.024777045706287026,
    "v[7, 3]": 0.020604500372428447,
    "v[3, 4]": 0.0625319198006764,
    "v[7, 4]": 0.1250638396013528,
    "v[7, 5]": 0.020604500372428447
  },
  "C": {
    "C[6, 0]": 0.036217220716403015,
    "C[3, 4]": 0.0625319198006764
  },
  "s": {
    "s[1, 0]": 1.0,
    "s[2, 0]": 1.0,
    "s[3, 0]": 1.0,
    "s[4, 0]": 1.0,
    "s[5, 0]": 1.0,
    "s[6, 0]": 1.0,
    "s[7, 0]": 1.0
  },
  "D": {},
  "t": {
    "t[1]": 0.18209873751038685,
    "t[2]": 0.49078892316902056,
    "t[3]": 0.35776149592129514,
    "t[4]": 0.24600335833383724,
    "t[5]": 0.14451427094172686,
    "t[6]": 0.05173888662829995
  },
  "t_a": {
    "t_a[1]": 0.18209873733576387,
    "t_a[3]": 0.35776149592129514,
    "t_a[4]": 0.24600335833383724,
    "t_a[5]": 0.14451427105814219,
    "t_a[6]": 0.05173888662829995
  },
  "T": {
    "T[1]": 0.18209873751038685,
    "T[2]": 0.49078892316902056,
    "T[3]": 0.35776149592129514,
    "T[4]": 0.24600335833383724,
    "T[5]": 0.14451427094172686,
    "T[6]": 0.05173888662829995
  },
  "A": {
    "A[0]": 0.08795610733795911,
    "A[1]": 0.1823809285997413,
    "A[2]": 0.2068757830420509,
    "A[3]": 0.2666078587062657,
    "A[4]": 0.42029341572197154
  },
  "B": {
    "B[0]": 0.5879649498965591
  },
  "B_a": {
    "B_a[0]": 0.5879649498965591
  },
  "u": {
    "u[0]": 1.0
  },
  "Optimal": 0.09874914051707942,
  "Time": 15303306,
  "num_constraint": 2169,
  "Number of variables": 1361,
  "status": "FEASIBLE",
  "L": 30,
  "L_a": 480,
  "num_staff": 1,
  "cus_per_staff": 7,
  "staff_velocity": 35,
  "drone_velocity": 50,
  "solver": "SCIP",
  "num_worker": -1,
  "time_limit": 18000000
}