{
  "x": {
    "x[0,1,0]": 1.0,
    "x[5,2,0]": 1.0,
    "x[1,3,0]": 1.0,
    "x[2,4,0]": 1.0,
    "x[6,5,0]": 1.0,
    "x[3,6,0]": 1.0,
    "x[4,7,0]": 1.0
  },
  "y": {
    "y[0,1,0]": 1.0,
    "y[1,7,0]": 1.0,
    "y[0,3,1]": 1.0,
    "y[3,7,1]": 1.0,
    "y[0,6,2]": 1.0,
    "y[6,7,2]": 1.0,
    "y[0,5,3]": 1.0,
    "y[5,7,3]": 1.0,
    "y[0,2,4]": 1.0,
    "y[2,7,4]": 1.0
  },
  "f": {
    "f[1,3,0,0]": 1.0,
    "f[3,6,0,1]": 1.0,
    "f[6,5,0,2]": 1.0,
    "f[5,2,0,3]": 1.0,
    "f[2,4,0,4]": 1.0
  },
  "g": {
    "g[1,1,0,0]": 1.0,
    "g[3,3,0,1]": 1.0,
    "g[6,6,0,2]": 1.0,
    "g[2,5,0,3]": 1.0,
    "g[5,2,0,4]": 1.0
  },
  "v": {
    "v[1, 0]": 0.067913927603513,
    "v[7, 0]": 0.135827855207026,
    "v[3, 1]": 0.1195877441787161,
    "v[7, 1]": 0.2391754883574322,
    "v[6, 2]": 0.0801868342095986,
    "v[7, 2]": 0.1603736684191972,
    "v[5, 3]": 0.0778988839010708,
    "v[7, 3]": 0.1557977678021416,
    "v[2, 4]": 0.05109479901148006,
    "v[7, 4]": 0.10218959802296013,
    "v[7, 5]": 0.018596387293655425
  },
  "C": {
    "C[1, 0]": 0.0679139276059989,
    "C[3, 1]": 0.1195877441787161,
    "C[6, 2]": 0.0801868342095986,
    "C[5, 4]": 0.09281686553731561
  },
  "s": {
    "s[1, 0]": 1.0,
    "s[2, 0]": 1.0,
    "s[3, 0]": 1.0,
    "s[4, 0]": 1.0,
    "s[5, 0]": 1.0,
    "s[6, 0]": 1.0,
    "s[7, 0]": 1.0
  },
  "D": {},
  "t": {
    "t[1]": 0.097019896551501,
    "t[2]": 0.6709980260930024,
    "t[3]": 0.288997340539936,
    "t[4]": 0.7195411727880128,
    "t[5]": 0.6292759595671669,
    "t[6]": 0.428411012457218
  },
  "t_a": {
    "t_a[1]": 0.097019896551501,
    "t_a[2]": 0.6709980260930024,
    "t_a[3]": 0.288997340539936,
    "t_a[4]": 480.0,
    "t_a[5]": 0.6292759595671669,
    "t_a[6]": 0.428411012457218
  },
  "T": {
    "T[1]": 0.09701989660970867,
    "T[2]": 0.6709980260930024,
    "T[3]": 0.288997340539936,
    "T[4]": 0.7195411727880128,
    "T[5]": 0.6292759595671669,
    "T[6]": 0.428411012457218
  },
  "A": {
    "A[0]": 0.164933824155014,
    "A[1]": 0.40858508471865207,
    "A[2]": 0.5085978466668166,
    "A[3]": 0.7071748434682377,
    "A[4]": 0.7220928251044825
  },
  "B": {
    "B[0]": 0.7461074403836392
  },
  "B_a": {
    "B_a[0]": 0.7461074403836392
  },
  "u": {
    "u[0]": 1.0
  },
  "Optimal": 0.3605053715316292,
  "Time": 17570284,
  "num_constraint": 2169,
  "Number of variables": 1361,
  "status": "FEASIBLE",
  "L": 30,
  "L_a": 480,
  "num_staff": 1,
  "cus_per_staff": 7,
  "staff_velocity": 35,
  "drone_velocity": 50,
  "solver": "SCIP",
  "num_worker": -1,
  "time_limit": 18000000
}