{
  "x": {
    "x[6,1,0]": 1.0,
    "x[5,2,0]": 1.0,
    "x[4,3,0]": 1.0,
    "x[2,4,0]": 1.0,
    "x[0,5,0]": 1.0,
    "x[3,6,0]": 1.0,
    "x[1,7,0]": 1.0
  },
  "y": {
    "y[0,5,0]": 1.0,
    "y[5,7,0]": 1.0,
    "y[0,2,1]": 1.0,
    "y[2,7,1]": 1.0,
    "y[0,4,2]": 1.0,
    "y[4,7,2]": 1.0,
    "y[0,3,3]": 1.0,
    "y[3,7,3]": 1.0,
    "y[0,6,4]": 1.0,
    "y[6,7,4]": 1.0
  },
  "f": {
    "f[5,2,0,0]": 1.0,
    "f[2,4,0,1]": 1.0,
    "f[4,3,0,2]": 1.0,
    "f[3,6,0,3]": 1.0,
    "f[6,1,0,4]": 1.0
  },
  "g": {
    "g[5,5,0,0]": 1.0,
    "g[4,2,0,1]": 1.0,
    "g[2,4,0,2]": 1.0,
    "g[3,3,0,3]": 1.0,
    "g[6,6,0,4]": 1.0
  },
  "v": {
    "v[2, 0]": 30.0,
    "v[5, 0]": 0.20629005099181077,
    "v[7, 0]": 0.4125801019836217,
    "v[2, 1]": 0.22094053059117494,
    "v[7, 1]": 0.44188106118235737,
    "v[4, 2]": 0.13387783302459869,
    "v[7, 2]": 0.2677556660491973,
    "v[3, 3]": 0.1747028747922741,
    "v[7, 3]": 0.3494057495845482,
    "v[6, 4]": 0.18851186608662823,
    "v[7, 4]": 0.3770237321732566,
    "v[7, 5]": 0.09661078720819205
  },
  "C": {
    "C[5, 0]": 0.20629005098074324,
    "C[2, 2]": 0.3410727034427442,
    "C[3, 3]": 0.17470287483958172,
    "C[6, 4]": 0.1885118658845816
  },
  "s": {
    "s[1, 0]": 1.0,
    "s[2, 0]": 1.0,
    "s[3, 0]": 1.0,
    "s[4, 0]": 1.0,
    "s[5, 0]": 1.0,
    "s[6, 0]": 1.0,
    "s[7, 0]": 1.0
  },
  "D": {
    "D[1, 0]": 0.13794846189523707
  },
  "t": {
    "t[1]": 1.8371557713127507,
    "t[2]": 0.7852571877756173,
    "t[3]": 1.2987431092060757,
    "t[4]": 0.9924520582298972,
    "t[5]": 0.2947000729490799,
    "t[6]": 1.6410345625936886
  },
  "t_a": {
    "t_a[2]": 0.7852571876137517,
    "t_a[3]": 1.298743109102361,
    "t_a[4]": 0.9924520583293185,
    "t_a[5]": 0.29470007274001503,
    "t_a[6]": 1.6410345624898426
  },
  "T": {
    "T[1]": 1.8371557713125344,
    "T[2]": 0.7852571877754438,
    "T[3]": 1.2987431092059514,
    "T[4]": 0.9924520582299288,
    "T[5]": 0.2947000728454441,
    "T[6]": 1.6410345625935592
  },
  "A": {
    "A[0]": 0.5009901237317832,
    "A[1]": 1.0061977182049304,
    "A[2]": 1.1263298913538218,
    "A[3]": 1.473445983894635,
    "A[4]": 1.8295464285765777
  },
  "B": {
    "B[0]": 1.9751711816520285
  },
  "B_a": {
    "B_a[0]": 1.9751711816520285
  },
  "u": {
    "u[0]": 1.0
  },
  "Optimal": 1.0485259570428878,
  "Time": 983755,
  "num_constraint": 2169,
  "Number of variables": 1361,
  "status": "OPTIMAL",
  "L": 30,
  "L_a": 480,
  "num_staff": 1,
  "cus_per_staff": 7,
  "staff_velocity": 35,
  "drone_velocity": 50,
  "solver": "SCIP",
  "num_worker": -1,
  "time_limit": 18000000
}