{
  "x": {
    "x[0,1,0]": 1.0,
    "x[3,2,0]": 1.0,
    "x[1,3,0]": 1.0,
    "x[6,4,0]": 1.0,
    "x[2,5,0]": 1.0,
    "x[5,6,0]": 1.0,
    "x[4,7,0]": 1.0
  },
  "y": {
    "y[0,1,0]": 1.0,
    "y[1,7,0]": 1.0,
    "y[0,3,1]": 1.0,
    "y[3,7,1]": 1.0,
    "y[0,2,2]": 1.0,
    "y[2,7,2]": 1.0,
    "y[0,5,3]": 1.0,
    "y[5,7,3]": 1.0,
    "y[0,6,4]": 1.0,
    "y[6,7,4]": 1.0
  },
  "f": {
    "f[1,3,0,0]": 1.0,
    "f[3,2,0,1]": 1.0,
    "f[2,5,0,2]": 1.0,
    "f[5,6,0,3]": 1.0,
    "f[6,4,0,4]": 1.0
  },
  "g": {
    "g[1,1,0,0]": 1.0,
    "g[3,3,0,1]": 1.0,
    "g[2,2,0,2]": 1.0,
    "g[6,5,0,3]": 1.0,
    "g[4,6,0,4]": 1.0
  },
  "v": {
    "v[1, 0]": 0.14083322224905714,
    "v[7, 0]": 0.2816664444981143,
    "v[2, 1]": 30.0,
    "v[3, 1]": 0.1615358844283037,
    "v[7, 1]": 0.3230717688566074,
    "v[2, 2]": 0.17739100829930976,
    "v[3, 2]": 30.0,
    "v[5, 2]": 30.0,
    "v[7, 2]": 0.3547820165986195,
    "v[5, 3]": 0.1628268175991252,
    "v[7, 3]": 0.3256536351982504,
    "v[6, 4]": 0.09127645124681294,
    "v[7, 4]": 0.18255290249362588,
    "v[7, 5]": 0.05209423054475337
  },
  "C": {
    "C[1, 0]": 0.14083322236132345,
    "C[3, 1]": 0.1615358844283037,
    "C[2, 2]": 0.17739100829930976
  },
  "s": {
    "s[1, 0]": 1.0,
    "s[2, 0]": 1.0,
    "s[3, 0]": 1.0,
    "s[4, 0]": 1.0,
    "s[5, 0]": 1.0,
    "s[6, 0]": 1.0,
    "s[7, 0]": 1.0
  },
  "D": {
    "D[5, 0]": 0.2917805803590454
  },
  "t": {
    "t[1]": 0.2011903173988685,
    "t[2]": 0.7447657366865315,
    "t[3]": 0.3586307343794033,
    "t[4]": 1.4344573737471364,
    "t[5]": 1.2170971228042617,
    "t[6]": 1.3505688299192116
  },
  "t_a": {
    "t_a[1]": 0.2011903173988685,
    "t_a[2]": 0.7447657366865315,
    "t_a[3]": 0.3586307343794033,
    "t_a[5]": 1.2170971229788847,
    "t_a[6]": 1.3505688299192116
  },
  "T": {
    "T[1]": 0.20119031751528382,
    "T[2]": 0.7447657366865315,
    "T[3]": 0.3586307343794033,
    "T[4]": 1.4344573737471364,
    "T[5]": 1.2170971228042617,
    "T[6]": 1.3505688299192116
  },
  "A": {
    "A[0]": 0.34202353964792565,
    "A[1]": 0.520166618807707,
    "A[2]": 0.9221567449858412,
    "A[3]": 1.37992394057801,
    "A[4]": 1.4418452811660245
  },
  "B": {
    "B[0]": 1.5088777031633072
  },
  "B_a": {
    "B_a[0]": 1.5088777031633072
  },
  "u": {
    "u[0]": 1.0
  },
  "Optimal": 0.7715406954479823,
  "Time": 12708982,
  "num_constraint": 2169,
  "Number of variables": 1361,
  "status": "FEASIBLE",
  "L": 30,
  "L_a": 480,
  "num_staff": 1,
  "cus_per_staff": 7,
  "staff_velocity": 35,
  "drone_velocity": 50,
  "solver": "SCIP",
  "num_worker": -1,
  "time_limit": 18000000
}