{
  "x": {
    "x[2,1,0]": 1.0,
    "x[3,2,0]": 1.0,
    "x[6,3,0]": 1.0,
    "x[0,4,0]": 1.0,
    "x[4,5,0]": 1.0,
    "x[5,6,0]": 1.0,
    "x[1,7,0]": 1.0
  },
  "y": {},
  "f": {},
  "g": {},
  "v": {
    "v[2, 0]": 30.0,
    "v[7, 0]": 0.036074972653295845,
    "v[7, 1]": 0.036074972653295845,
    "v[7, 2]": 0.036074972653295845,
    "v[7, 3]": 0.036074972653295845,
    "v[7, 4]": 0.036074972653295845,
    "v[7, 5]": 0.036074972653295845
  },
  "C": {},
  "s": {
    "s[1, 0]": 6.0,
    "s[2, 0]": 5.0,
    "s[3, 0]": 4.0,
    "s[4, 0]": 1.0,
    "s[5, 0]": 2.0,
    "s[6, 0]": 3.0,
    "s[7, 0]": 6.0
  },
  "D": {},
  "t": {
    "t[1]": 0.2935296986834146,
    "t[2]": 0.27174146712059155,
    "t[3]": 0.2545867065782659,
    "t[4]": 0.08083235111553222,
    "t[5]": 0.1558001006487757,
    "t[6]": 0.22764954960439354
  },
  "t_a": {},
  "T": {
    "T[1]": 0.2935296986834146,
    "T[2]": 0.27174146712059155,
    "T[3]": 0.2545867065782659,
    "T[4]": 0.08083235111553222,
    "T[5]": 0.1558001006487757,
    "T[6]": 0.22764954960439354
  },
  "A": {
    "A[2]": 4.949309162730195e-09
  },
  "B": {
    "B[0]": 0.35970650281524286
  },
  "B_a": {
    "B_a[0]": 0.35970650281524286
  },
  "u": {
    "u[0]": 1.0
  },
  "Optimal": 0.0,
  "Time": 237498,
  "num_constraint": 2169,
  "Number of variables": 1361,
  "status": "OPTIMAL",
  "L": 30,
  "L_a": 480,
  "num_staff": 1,
  "cus_per_staff": 7,
  "staff_velocity": 35,
  "drone_velocity": 50,
  "solver": "SCIP",
  "num_worker": -1,
  "time_limit": 18000000
}