{
  "x": {
    "x[6,3,0]": 1.0,
    "x[9,4,0]": 1.0,
    "x[4,6,0]": 1.0,
    "x[0,8,0]": 1.0,
    "x[8,9,0]": 1.0,
    "x[3,13,0]": 1.0,
    "x[0,1,1]": 1.0,
    "x[7,2,1]": 1.0,
    "x[2,5,1]": 1.0,
    "x[12,7,1]": 1.0,
    "x[1,10,1]": 1.0,
    "x[5,11,1]": 1.0,
    "x[10,12,1]": 1.0,
    "x[11,13,1]": 1.0
  },
  "y": {},
  "f": {},
  "g": {},
  "v": {
    "v[13, 0]": 0.011601877864450216,
    "v[13, 1]": 0.011601877864450216,
    "v[13, 2]": 0.011601877864450216,
    "v[13, 3]": 0.011601877864450216,
    "v[13, 4]": 0.011601877864450216,
    "v[13, 5]": 0.011601877864450216,
    "v[13, 6]": 0.011601877864450216,
    "v[13, 7]": 0.011601877864450216,
    "v[13, 8]": 0.011601877864450216,
    "v[13, 9]": 0.011601877864450216,
    "v[13, 10]": 0.011601877864450216,
    "v[13, 11]": 0.011601877864450216
  },
  "C": {},
  "s": {
    "s[3, 0]": 5.0,
    "s[4, 0]": 3.0,
    "s[6, 0]": 4.0,
    "s[8, 0]": 1.0,
    "s[9, 0]": 2.0,
    "s[13, 0]": 5.0,
    "s[1, 1]": 1.0,
    "s[2, 1]": 5.0,
    "s[5, 1]": 6.0,
    "s[7, 1]": 4.0,
    "s[10, 1]": 2.0,
    "s[11, 1]": 7.0,
    "s[12, 1]": 3.0,
    "s[13, 1]": 7.0
  },
  "D": {
    "D[3, 0]": 0.016574109714617036,
    "D[4, 0]": 0.09666333510540426,
    "D[6, 0]": 0.08093115651684302,
    "D[8, 0]": 0.3085515339120066,
    "D[9, 0]": 0.13150338218144686
  },
  "t": {
    "t[1]": 0.07485266322852234,
    "t[2]": 0.29182818787111936,
    "t[3]": 0.3786753775784746,
    "t[4]": 0.2985861536581069,
    "t[5]": 0.39390535891154205,
    "t[6]": 0.314318323333282,
    "t[7]": 0.2451128407042062,
    "t[8]": 0.08669795485911891,
    "t[9]": 0.2637461065896787,
    "t[10]": 0.12393126195157227,
    "t[11]": 0.46076278327313874,
    "t[12]": 0.13599491223267826
  },
  "t_a": {},
  "T": {
    "T[1]": 0.07485266322852234,
    "T[2]": 0.29182818787111936,
    "T[3]": 0.3786753775784746,
    "T[4]": 0.2985861536581069,
    "T[5]": 0.3939053589913748,
    "T[6]": 0.314318323333282,
    "T[7]": 0.245112840705682,
    "T[8]": 0.08669795485911891,
    "T[9]": 0.2637461065896787,
    "T[10]": 0.12393126213772342,
    "T[11]": 0.460762783151764,
    "T[12]": 0.13599491228775257
  },
  "A": {},
  "B": {
    "B[0]": 0.3952494887635112,
    "B[1]": 0.4988486436185653
  },
  "B_a": {
    "B_a[0]": 0.3952494887635112,
    "B_a[1]": 0.4988486436185653
  },
  "u": {
    "u[0]": 1.0,
    "u[1]": 1.0
  },
  "Optimal": 0.6342235174303179,
  "Time": 18001316,
  "num_constraint": 17210,
  "Number of variables": 12604,
  "status": "FEASIBLE",
  "L": 30,
  "L_a": 480,
  "num_staff": 2,
  "cus_per_staff": 7,
  "staff_velocity": 35,
  "drone_velocity": 50,
  "solver": "SCIP",
  "num_worker": -1,
  "time_limit": 18000000
}