{
  "x": {
    "x[7,6,0]": 1.0,
    "x[0,7,0]": 1.0,
    "x[6,9,0]": 1.0,
    "x[9,11,0]": 1.0,
    "x[5,1,1]": 1.0,
    "x[10,2,1]": 1.0,
    "x[2,3,1]": 1.0,
    "x[1,4,1]": 1.0,
    "x[3,5,1]": 1.0,
    "x[0,8,1]": 1.0,
    "x[8,10,1]": 1.0,
    "x[4,11,1]": 1.0
  },
  "y": {
    "y[0,6,0]": 1.0,
    "y[6,11,0]": 1.0,
    "y[0,2,1]": 1.0,
    "y[2,11,1]": 1.0
  },
  "f": {
    "f[6,9,0,0]": 1.0,
    "f[2,3,1,1]": 1.0
  },
  "g": {
    "g[6,6,0,0]": 1.0,
    "g[7,6,0,0]": 1.0,
    "g[2,2,1,1]": 1.0,
    "g[8,2,1,1]": 1.0,
    "g[10,2,1,1]": 1.0
  },
  "v": {
    "v[6, 0]": 0.0496046806219965,
    "v[7, 0]": 2.2335761613156286e-18,
    "v[11, 0]": 0.09920936124399304,
    "v[2, 1]": 0.0481459116563201,
    "v[11, 1]": 0.09629182331264019,
    "v[11, 2]": 1.0,
    "v[11, 3]": 1.0,
    "v[11, 4]": 1.0,
    "v[11, 5]": 1.0,
    "v[11, 6]": 1.0,
    "v[11, 7]": 1.0,
    "v[11, 8]": 1.0,
    "v[11, 9]": 1.0
  },
  "C": {
    "C[6, 0]": 0.049604680597034496,
    "C[7, 0]": 0.07951712067005379,
    "C[2, 1]": 0.04814591165633158,
    "C[8, 1]": 0.132442408357916,
    "C[10, 1]": 0.09501079457029094
  },
  "s": {
    "s[6, 0]": 2.0,
    "s[7, 0]": 1.0,
    "s[9, 0]": 1.0,
    "s[11, 0]": 1.0,
    "s[1, 1]": 3.0,
    "s[2, 1]": 3.0,
    "s[3, 1]": 1.0,
    "s[4, 1]": 4.0,
    "s[5, 1]": 2.0,
    "s[8, 1]": 1.0,
    "s[10, 1]": 2.0,
    "s[11, 1]": 4.0
  },
  "D": {
    "D[9, 0]": 0.03537402094540898,
    "D[1, 1]": 0.07301015169325062,
    "D[3, 1]": 0.09862596378735783,
    "D[4, 1]": 0.053680119732749484,
    "D[5, 1]": 0.08325981628688937
  },
  "t": {
    "t[1]": 0.26500904536829034,
    "t[2]": 0.11414951091865089,
    "t[3]": 0.23939323320519187,
    "t[4]": 0.2843390773638176,
    "t[5]": 0.25475938082672656,
    "t[6]": 0.10944834514521064,
    "t[7]": 0.0795359050971456,
    "t[8]": 1.6506120766388678e-13,
    "t[9]": 0.21318745851765808,
    "t[10]": 0.06728462205517285
  },
  "t_a": {
    "t_a[2]": 0.11414951091873078,
    "t_a[6]": 0.10944834514521062,
    "t_a[7]": 2.233576161315629e-18
  },
  "T": {
    "T[1]": 0.2650090453680808,
    "T[2]": 0.11414951091890553,
    "T[3]": 0.2393932332051919,
    "T[4]": 0.28433907736314623,
    "T[5]": 0.2547593808267266,
    "T[6]": 0.10944834514521064,
    "T[7]": 0.07953590509714561,
    "T[8]": 0.02985301421706895,
    "T[9]": 0.21318745851733314,
    "T[10]": 0.0672846220554232
  },
  "A": {
    "A[0]": 0.15905302576720715,
    "A[1]": 0.16229542257511967
  },
  "B": {
    "B[0]": 0.24856147932607206,
    "B[1]": 0.3380191969925498
  },
  "B_a": {
    "B_a[0]": 0.24856147932607206,
    "B_a[1]": 0.3380191969925498
  },
  "u": {
    "u[0]": 1.0,
    "u[1]": 1.0
  },
  "Optimal": 0.7486709882972831,
  "Time": 17547583,
  "num_constraint": 10646,
  "Number of variables": 7828,
  "status": "FEASIBLE",
  "L": 30,
  "L_a": 480,
  "num_staff": 2,
  "cus_per_staff": 7,
  "staff_velocity": 35,
  "drone_velocity": 50,
  "solver": "SCIP",
  "num_worker": -1,
  "time_limit": 18000000
}