{
  "x": {
    "x[6,1,0]": 1.0,
    "x[7,6,0]": 1.0,
    "x[14,7,0]": 1.0,
    "x[19,10,0]": 1.0,
    "x[0,12,0]": 1.0,
    "x[17,14,0]": 1.0,
    "x[12,16,0]": 1.0,
    "x[16,17,0]": 1.0,
    "x[1,19,0]": 1.0,
    "x[10,21,0]": 1.0,
    "x[0,11,1]": 1.0,
    "x[11,13,1]": 1.0,
    "x[13,21,1]": 1.0,
    "x[18,2,2]": 1.0,
    "x[8,3,2]": 1.0,
    "x[0,4,2]": 1.0,
    "x[15,5,2]": 1.0,
    "x[5,8,2]": 1.0,
    "x[4,9,2]": 1.0,
    "x[9,15,2]": 1.0,
    "x[3,18,2]": 1.0,
    "x[2,20,2]": 1.0,
    "x[20,21,2]": 1.0
  },
  "y": {
    "y[0,12,0]": 1.0,
    "y[12,21,0]": 1.0,
    "y[0,17,1]": 1.0,
    "y[17,21,1]": 1.0
  },
  "f": {
    "f[12,16,0,0]": 1.0,
    "f[17,14,0,1]": 1.0
  },
  "g": {
    "g[12,12,0,0]": 1.0,
    "g[16,17,0,1]": 1.0,
    "g[17,17,0,1]": 1.0
  },
  "v": {
    "v[12, 0]": 0.08192557754227893,
    "v[21, 0]": 0.16385115508455725,
    "v[17, 1]": 0.08009123668307438,
    "v[21, 1]": 0.16018247336614877,
    "v[21, 2]": 0.015205295698251568,
    "v[21, 3]": 0.015205295698251575,
    "v[21, 4]": 0.015205295698251575,
    "v[21, 5]": 0.015205295698251575,
    "v[21, 6]": 0.015205295698251575,
    "v[21, 7]": 0.015205295698251575,
    "v[21, 8]": 0.015205295698251575,
    "v[21, 9]": 0.015205295698251575,
    "v[21, 10]": 0.015205295698251575,
    "v[21, 11]": 0.015205295698251575,
    "v[21, 12]": 0.015205295698251575,
    "v[21, 13]": 0.015205295698251575,
    "v[21, 14]": 0.015205295698251575,
    "v[21, 15]": 0.015205295698251575,
    "v[21, 16]": 0.015205295698251575,
    "v[21, 17]": 0.015205295698251575,
    "v[21, 18]": 0.015205295698251575,
    "v[21, 19]": 0.015205295698251575
  },
  "C": {
    "C[12, 0]": 0.08192557754227892,
    "C[16, 1]": 0.30014060218839445,
    "C[17, 1]": 0.08009123662460614
  },
  "s": {
    "s[1, 0]": 4.0,
    "s[6, 0]": 3.0,
    "s[7, 0]": 2.0,
    "s[10, 0]": 6.0,
    "s[12, 0]": 1.0,
    "s[14, 0]": 1.0,
    "s[16, 0]": 1.0,
    "s[17, 0]": 2.0,
    "s[19, 0]": 5.0,
    "s[21, 0]": 6.0,
    "s[11, 1]": 1.0,
    "s[13, 1]": 2.0,
    "s[21, 1]": 2.0,
    "s[2, 2]": 8.0,
    "s[3, 2]": 6.0,
    "s[4, 2]": 1.0,
    "s[5, 2]": 4.0,
    "s[8, 2]": 5.0,
    "s[9, 2]": 2.0,
    "s[15, 2]": 3.0,
    "s[18, 2]": 7.0,
    "s[20, 2]": 9.0,
    "s[21, 2]": 9.0
  },
  "D": {
    "D[1, 0]": 0.17837328731226537,
    "D[6, 0]": 0.24894950477525185,
    "D[7, 0]": 0.514521757387252,
    "D[10, 0]": 0.059341813742711594,
    "D[14, 0]": 0.7346005911880502,
    "D[19, 0]": 0.11679130612250394,
    "D[11, 1]": 0.33100975019624457,
    "D[13, 1]": 0.13025113940238953,
    "D[2, 2]": 0.09406458708690481,
    "D[3, 2]": 0.37710775202140207,
    "D[4, 2]": 1.0704607050865889,
    "D[5, 2]": 0.6765237369108945,
    "D[8, 2]": 0.4540555988205597,
    "D[9, 2]": 0.9277895838022232,
    "D[15, 2]": 0.7575790957198478,
    "D[18, 2]": 0.19215905613964424,
    "D[20, 2]": 0.021721851488109678
  },
  "t": {
    "t[1]": 1.3094066777793298,
    "t[2]": 1.0384129778209774,
    "t[3]": 0.7553698045254914,
    "t[4]": 0.062016873504035175,
    "t[5]": 0.45595382002647966,
    "t[6]": 1.238830473801463,
    "t[7]": 0.9732582213205556,
    "t[8]": 0.6784219581931582,
    "t[9]": 0.2046879805275239,
    "t[10]": 1.4284381653548346,
    "t[11]": 0.07957587041892111,
    "t[12]": 0.11703653948209482,
    "t[13]": 0.28033447725465516,
    "t[14]": 0.7531793308325814,
    "t[15]": 0.3748984690173529,
    "t[16]": 0.3171684745817148,
    "t[17]": 0.5372178403233764,
    "t[18]": 0.9403185085975565,
    "t[19]": 1.370988674581758,
    "t[20]": 1.110755713248993
  },
  "t_a": {
    "t_a[12]": 0.1170365395479715,
    "t_a[17]": 0.5372178402032124
  },
  "T": {
    "T[1]": 1.309406677877908,
    "T[2]": 1.0384129776511013,
    "T[3]": 0.7553698047213958,
    "T[4]": 0.062016873504035175,
    "T[5]": 0.4559538200032898,
    "T[6]": 1.2388304739054372,
    "T[7]": 0.9732582216380724,
    "T[8]": 0.6784219581931583,
    "T[9]": 0.20468798052752393,
    "T[10]": 1.4284381652123348,
    "T[11]": 0.07957587041892111,
    "T[12]": 0.1170365393627435,
    "T[13]": 0.2803344772546552,
    "T[14]": 0.7531793308325813,
    "T[15]": 0.3748984690173529,
    "T[16]": 0.31716847468869985,
    "T[17]": 0.5372178402524882,
    "T[18]": 0.9403185085975565,
    "T[19]": 1.3709886747607722,
    "T[20]": 1.110755713421732
  },
  "A": {
    "A[0]": 0.19896211709025405,
    "A[1]": 0.6173090768861584
  },
  "B": {
    "B[0]": 1.4877799790253243,
    "B[1]": 0.4105856219539419,
    "B[2]": 1.1324775642133318
  },
  "B_a": {
    "B_a[0]": 1.4877799790253243,
    "B_a[1]": 0.4105856219539419,
    "B_a[2]": 1.1324775642133318
  },
  "u": {
    "u[0]": 1.0,
    "u[1]": 1.0,
    "u[2]": 1.0
  },
  "Optimal": 7.3474585335581235,
  "Time": 19518797,
  "num_constraint": 88617,
  "Number of variables": 70319,
  "status": "FEASIBLE",
  "L": 30,
  "L_a": 480,
  "num_staff": 3,
  "cus_per_staff": 7,
  "staff_velocity": 35,
  "drone_velocity": 50,
  "solver": "SCIP",
  "num_worker": -1,
  "time_limit": 18000000
}