{
  "x": {
    "x[2,1,0]": 1.0,
    "x[6,2,0]": 1.0,
    "x[0,3,0]": 1.0,
    "x[3,4,0]": 1.0,
    "x[4,5,0]": 1.0,
    "x[5,6,0]": 1.0,
    "x[1,7,0]": 1.0
  },
  "y": {
    "y[0,3,0]": 1.0,
    "y[3,7,0]": 1.0,
    "y[0,4,1]": 1.0,
    "y[4,7,1]": 1.0,
    "y[0,5,2]": 1.0,
    "y[5,7,2]": 1.0,
    "y[0,6,3]": 1.0,
    "y[6,7,3]": 1.0,
    "y[0,2,4]": 1.0,
    "y[2,7,4]": 1.0
  },
  "f": {
    "f[3,4,0,0]": 1.0,
    "f[4,5,0,1]": 1.0,
    "f[5,6,0,2]": 1.0,
    "f[6,2,0,3]": 1.0,
    "f[2,1,0,4]": 1.0
  },
  "g": {
    "g[4,3,0,0]": 1.0,
    "g[5,4,0,1]": 1.0,
    "g[3,5,0,2]": 1.0,
    "g[6,6,0,3]": 1.0,
    "g[1,2,0,4]": 1.0
  },
  "v": {
    "v[3, 0]": 0.18698498618323356,
    "v[7, 0]": 0.3739699723664561,
    "v[4, 1]": 0.2524543594336137,
    "v[7, 1]": 0.5049087188672274,
    "v[5, 2]": 0.12840464792679998,
    "v[7, 2]": 0.2568092958536166,
    "v[6, 3]": 0.12105966219678523,
    "v[7, 3]": 0.24211932439356829,
    "v[2, 4]": 0.1376259626583919,
    "v[7, 4]": 0.2752501914311517,
    "v[7, 5]": 0.12105966219678523
  },
  "C": {
    "C[3, 2]": 0.5145172838756572,
    "C[6, 3]": 0.1210596622358646
  },
  "s": {
    "s[1, 0]": 1.0,
    "s[2, 0]": 1.0,
    "s[3, 0]": 1.0,
    "s[4, 0]": 1.0,
    "s[5, 0]": 1.0,
    "s[6, 0]": 1.0,
    "s[7, 0]": 1.0
  },
  "D": {
    "D[1, 0]": 1.1088957592245837e-08,
    "D[2, 0]": 0.2729184922058949
  },
  "t": {
    "t[1]": 1.3507524464746252,
    "t[2]": 1.2688634827737155,
    "t[3]": 0.26712140883319085,
    "t[4]": 0.4134097294299348,
    "t[5]": 0.6532340447538794,
    "t[6]": 0.9241569152454123
  },
  "t_a": {
    "t_a[2]": 1.241008910687245,
    "t_a[3]": 0.2671214086585678,
    "t_a[4]": 0.41340972954640165,
    "t_a[5]": 0.653234044834596,
    "t_a[6]": 0.9241569151636589
  },
  "T": {
    "T[1]": 1.3507524464749343,
    "T[2]": 1.2688634827735574,
    "T[3]": 0.2671214088331908,
    "T[4]": 0.4134097294300253,
    "T[5]": 0.6532340447884053,
    "T[6]": 0.924156915245435
  },
  "A": {
    "A[0]": 0.4541063948419476,
    "A[1]": 0.6658640889797296,
    "A[2]": 0.7816386927618117,
    "A[3]": 1.0452165773604065,
    "A[4]": 1.3786070188132613
  },
  "B": {
    "B[0]": 1.541781975038021
  },
  "B_a": {
    "B_a[0]": 1.541781975038021
  },
  "u": {
    "u[0]": 1.0
  },
  "Optimal": 0.9084954494063743,
  "Time": 1023320,
  "num_constraint": 2169,
  "Number of variables": 1361,
  "status": "OPTIMAL",
  "L": 30,
  "L_a": 480,
  "num_staff": 1,
  "cus_per_staff": 7,
  "staff_velocity": 35,
  "drone_velocity": 50,
  "solver": "SCIP",
  "num_worker": -1,
  "time_limit": 18000000
}