{
  "x": {
    "x[3,1,0]": 1.0,
    "x[0,2,0]": 1.0,
    "x[6,3,0]": 1.0,
    "x[5,4,0]": 1.0,
    "x[1,5,0]": 1.0,
    "x[2,6,0]": 1.0,
    "x[4,7,0]": 1.0
  },
  "y": {
    "y[0,2,0]": 1.0,
    "y[2,7,0]": 1.0,
    "y[0,6,1]": 1.0,
    "y[6,7,1]": 1.0,
    "y[0,3,2]": 1.0,
    "y[3,7,2]": 1.0,
    "y[0,1,3]": 1.0,
    "y[1,7,3]": 1.0,
    "y[0,5,4]": 1.0,
    "y[5,7,4]": 1.0
  },
  "f": {
    "f[2,6,0,0]": 1.0,
    "f[6,3,0,1]": 1.0,
    "f[3,1,0,2]": 1.0,
    "f[1,5,0,3]": 1.0,
    "f[5,4,0,4]": 1.0
  },
  "g": {
    "g[2,2,0,0]": 1.0,
    "g[6,6,0,1]": 1.0,
    "g[3,3,0,2]": 1.0,
    "g[1,1,0,3]": 1.0,
    "g[5,5,0,4]": 1.0
  },
  "v": {
    "v[2, 0]": 8.290721124620601,
    "v[7, 0]": 16.581442249241203,
    "v[6, 1]": 7.2927507333513235,
    "v[7, 1]": 14.585501466702647,
    "v[3, 2]": 11.264155794944541,
    "v[7, 2]": 22.528311589889082,
    "v[1, 3]": 8.055462047910083,
    "v[7, 3]": 16.110924095820167,
    "v[5, 4]": 7.735219753318188,
    "v[7, 4]": 15.470439506636376
  },
  "C": {
    "C[2, 0]": 8.290721124569597,
    "C[6, 1]": 7.292750733390705,
    "C[3, 2]": 11.26415579497609,
    "C[1, 3]": 8.055462047933807,
    "C[5, 4]": 7.735219753331518
  },
  "s": {
    "s[1, 0]": 1.0,
    "s[2, 0]": 1.0,
    "s[3, 0]": 1.0,
    "s[4, 0]": 1.0,
    "s[5, 0]": 1.0,
    "s[6, 0]": 1.0,
    "s[7, 0]": 1.0
  },
  "D": {
    "D[4, 0]": 21.76330684766677
  },
  "t": {
    "t[1]": 78.16829523241452,
    "t[2]": 11.864307816234982,
    "t[3]": 50.79951014561194,
    "t[4]": 114.34947641019757,
    "t[5]": 99.8773194472177,
    "t[6]": 32.66556620045515
  },
  "t_a": {
    "t_a[1]": 78.16829523238347,
    "t_a[2]": 11.864307816203935,
    "t_a[3]": 50.7995101455809,
    "t_a[5]": 99.87731944718666,
    "t_a[6]": 32.6655662004241
  },
  "T": {
    "T[1]": 78.16829523238715,
    "T[2]": 11.864307816283215,
    "T[3]": 50.79951014558458,
    "T[4]": 114.34947641017021,
    "T[5]": 99.87731944719033,
    "T[6]": 32.66556620040043
  },
  "A": {
    "A[0]": 20.155028940852812,
    "A[1]": 39.95831693379113,
    "A[2]": 62.063665940560675,
    "A[3]": 86.22375728032097,
    "A[4]": 107.61253920052187
  },
  "B": {
    "B[0]": 136.11278325786805
  },
  "B_a": {
    "B_a[0]": 136.11278325786805
  },
  "u": {
    "u[0]": 1.0
  },
  "Optimal": 64.4016163018241,
  "Time": 11279046,
  "num_constraint": 2169,
  "Number of variables": 1361,
  "status": "OPTIMAL",
  "L": 30,
  "L_a": 180,
  "staff_velocity": 0.58,
  "drone_velocity": 0.83,
  "num_staff": 1,
  "cus_per_staff": 7,
  "solver": "CBC",
  "num_worker": -1,
  "time_limit": 18000000
}