{
  "x": {
    "x[7,3,0]": 1.0,
    "x[10,4,0]": 1.0,
    "x[6,5,0]": 1.0,
    "x[0,6,0]": 1.0,
    "x[12,7,0]": 1.0,
    "x[5,10,0]": 1.0,
    "x[4,12,0]": 1.0,
    "x[3,13,0]": 1.0,
    "x[0,1,1]": 1.0,
    "x[9,2,1]": 1.0,
    "x[1,9,1]": 1.0,
    "x[2,11,1]": 1.0,
    "x[11,13,1]": 1.0,
    "x[0,8,2]": 1.0,
    "x[8,13,2]": 1.0
  },
  "y": {
    "y[0,6,0]": 1.0,
    "y[6,13,0]": 1.0,
    "y[0,5,1]": 1.0,
    "y[5,13,1]": 1.0,
    "y[0,10,2]": 1.0,
    "y[10,13,2]": 1.0,
    "y[0,2,3]": 1.0,
    "y[2,13,3]": 1.0,
    "y[0,4,4]": 1.0,
    "y[4,13,4]": 1.0,
    "y[0,12,5]": 1.0,
    "y[12,13,5]": 1.0,
    "y[0,7,6]": 1.0,
    "y[7,13,6]": 1.0
  },
  "f": {
    "f[6,5,0,0]": 1.0,
    "f[5,10,0,1]": 1.0,
    "f[10,4,0,2]": 1.0,
    "f[4,12,0,4]": 1.0,
    "f[12,7,0,5]": 1.0,
    "f[7,3,0,6]": 1.0,
    "f[2,11,1,3]": 1.0
  },
  "g": {
    "g[6,6,0,0]": 1.0,
    "g[10,5,0,1]": 1.0,
    "g[5,10,0,2]": 1.0,
    "g[4,4,0,4]": 1.0,
    "g[12,12,0,5]": 1.0,
    "g[7,7,0,6]": 1.0,
    "g[1,2,1,3]": 1.0,
    "g[2,2,1,3]": 1.0,
    "g[9,2,1,3]": 1.0
  },
  "v": {
    "v[6, 0]": 0.05132226273417473,
    "v[13, 0]": 0.10264452546834946,
    "v[13, 1]": 0.04789532639551908,
    "v[4, 2]": 30.0,
    "v[13, 2]": 0.036129177431575954,
    "v[2, 3]": 0.05157349142245948,
    "v[13, 3]": 0.10314698284491897,
    "v[13, 4]": 0.04390459327260032,
    "v[13, 5]": 0.041671170212794095,
    "v[13, 6]": 0.03540042170789093,
    "v[13, 7]": 0.011601877864450216,
    "v[13, 8]": 0.011601877864450216,
    "v[13, 9]": 0.011601877864450216,
    "v[13, 10]": 0.011601877864450216,
    "v[13, 11]": 0.011601877864450216
  },
  "C": {
    "C[6, 0]": 0.05132226272677287,
    "C[5, 2]": 0.08319792337715626,
    "C[1, 3]": 0.2884395146399532,
    "C[2, 3]": 0.05157349142245948,
    "C[9, 3]": 0.1569372555897084
  },
  "s": {
    "s[3, 0]": 1.0,
    "s[4, 0]": 1.0,
    "s[5, 0]": 1.0,
    "s[6, 0]": 1.0,
    "s[7, 0]": 1.0,
    "s[10, 0]": 1.0,
    "s[12, 0]": 1.0,
    "s[13, 0]": 1.0,
    "s[1, 1]": 1.0,
    "s[2, 1]": 3.0,
    "s[9, 1]": 2.0,
    "s[11, 1]": 1.0,
    "s[13, 1]": 1.0,
    "s[8, 2]": 1.0,
    "s[13, 2]": 1.0
  },
  "D": {
    "D[11, 1]": 0.03812119615031406,
    "D[8, 2]": 0.08669795485911891
  },
  "t": {
    "t[1]": 0.0748526687384583,
    "t[2]": 0.31171869195532054,
    "t[3]": 0.6466829475248232,
    "t[4]": 0.3692985878442414,
    "t[5]": 0.20932938298210502,
    "t[6]": 0.07414409861667082,
    "t[7]": 0.6003048560232855,
    "t[8]": 0.08669795485911891,
    "t[9]": 0.2063549277954735,
    "t[10]": 0.2563981289276853,
    "t[11]": 0.4224325473769568,
    "t[12]": 0.4911869273055345
  },
  "t_a": {
    "t_a[2]": 0.31171869195532054,
    "t_a[4]": 0.3692985878442414,
    "t_a[5]": 0.20850280253216624,
    "t_a[6]": 0.07331751816673204,
    "t_a[7]": 0.5994782755733468,
    "t_a[10]": 0.2563981289276853,
    "t_a[12]": 0.4911869273055345
  },
  "T": {
    "T[1]": 0.0748526687384583,
    "T[2]": 0.31171869195532054,
    "T[3]": 0.6466829475248232,
    "T[4]": 0.3692985878442414,
    "T[5]": 0.20932938298210502,
    "T[6]": 0.07331751816673204,
    "T[7]": 0.6003048560232855,
    "T[8]": 0.08669795485911891,
    "T[9]": 0.2063549277954735,
    "T[10]": 0.2563981289276853,
    "T[11]": 0.4224325473769568,
    "T[12]": 0.4911869273055345
  },
  "A": {
    "A[0]": 0.12463978090090677,
    "A[1]": 0.2563981289276853,
    "A[2]": 0.2925273063592613,
    "A[3]": 0.36329218337778,
    "A[4]": 0.41320318111684173,
    "A[5]": 0.5328580975183286,
    "A[6]": 0.6348786972812377
  },
  "B": {
    "B[0]": 0.6632570587098598,
    "B[1]": 0.46055374352727085,
    "B[2]": 0.17339590971823782
  },
  "B_a": {
    "B_a[0]": 0.6632570587098598,
    "B_a[1]": 0.46055374352727085,
    "B_a[2]": 0.17339590971823782
  },
  "u": {
    "u[0]": 1.0,
    "u[1]": 1.0,
    "u[2]": 1.0
  },
  "Optimal": 0.7562895987654832,
  "Time": 18001764,
  "num_constraint": 21889,
  "Number of variables": 17535,
  "status": "FEASIBLE",
  "L": 30,
  "L_a": 480,
  "num_staff": 3,
  "cus_per_staff": 5,
  "staff_velocity": 35,
  "drone_velocity": 50,
  "solver": "SCIP",
  "num_worker": -1,
  "time_limit": 18000000
}