{
  "x": {
    "x[19,3,0]": 1.0,
    "x[0,6,0]": 1.0,
    "x[17,8,0]": 1.0,
    "x[3,10,0]": 1.0,
    "x[10,13,0]": 1.0,
    "x[8,14,0]": 1.0,
    "x[6,16,0]": 1.0,
    "x[16,17,0]": 1.0,
    "x[20,19,0]": 1.0,
    "x[14,20,0]": 1.0,
    "x[13,21,0]": 1.0,
    "x[0,4,1]": 1.0,
    "x[4,21,1]": 1.0,
    "x[15,1,2]": 1.0,
    "x[12,2,2]": 1.0,
    "x[0,5,2]": 1.0,
    "x[1,7,2]": 1.0,
    "x[5,11,2]": 1.0,
    "x[7,12,2]": 1.0,
    "x[11,15,2]": 1.0,
    "x[2,18,2]": 1.0,
    "x[18,21,2]": 1.0,
    "x[0,9,3]": 1.0,
    "x[9,21,3]": 1.0
  },
  "y": {
    "y[0,10,0]": 1.0,
    "y[10,21,0]": 1.0
  },
  "f": {
    "f[10,13,0,0]": 1.0
  },
  "g": {
    "g[3,10,0,0]": 1.0,
    "g[6,10,0,0]": 1.0,
    "g[8,10,0,0]": 1.0,
    "g[10,10,0,0]": 1.0,
    "g[14,10,0,0]": 1.0,
    "g[16,10,0,0]": 1.0,
    "g[17,10,0,0]": 1.0,
    "g[19,10,0,0]": 1.0,
    "g[20,10,0,0]": 1.0
  },
  "v": {
    "v[21, 0]": 0.041539269557688385,
    "v[21, 1]": 0.015205295698251573,
    "v[21, 2]": 0.015205295698251575,
    "v[21, 3]": 0.015205295698251573,
    "v[21, 4]": 0.015205295698251573,
    "v[21, 5]": 0.015205295698251573,
    "v[21, 6]": 0.015205295698251573,
    "v[21, 7]": 0.015205295698251573,
    "v[21, 8]": 0.015205295698251573,
    "v[21, 9]": 0.015205295698251573,
    "v[21, 10]": 0.015205295698251573,
    "v[21, 11]": 0.015205295698251573,
    "v[21, 12]": 0.015205295698251573,
    "v[21, 13]": 0.015205295698251573,
    "v[21, 14]": 0.015205295698251573,
    "v[21, 15]": 0.015205295698251573,
    "v[21, 16]": 0.015205295698251573,
    "v[21, 17]": 0.015205295698251573,
    "v[21, 18]": 0.015205295698251573,
    "v[21, 19]": 0.015205295698251573
  },
  "C": {
    "C[3, 0]": 0.16420645249309018,
    "C[6, 0]": 0.9784224953618832,
    "C[8, 0]": 0.3832594297709875,
    "C[10, 0]": 0.041539201338309795,
    "C[14, 0]": 0.3758642717730254,
    "C[16, 0]": 0.823706301220227,
    "C[17, 0]": 0.6036569355321397,
    "C[19, 0]": 0.22985230130904988,
    "C[20, 0]": 0.29360526433447376
  },
  "s": {
    "s[3, 0]": 8.0,
    "s[6, 0]": 1.0,
    "s[8, 0]": 4.0,
    "s[10, 0]": 9.0,
    "s[13, 0]": 1.0,
    "s[14, 0]": 5.0,
    "s[16, 0]": 2.0,
    "s[17, 0]": 3.0,
    "s[19, 0]": 7.0,
    "s[20, 0]": 6.0,
    "s[21, 0]": 1.0,
    "s[4, 1]": 1.0,
    "s[21, 1]": 1.0,
    "s[1, 2]": 4.0,
    "s[2, 2]": 7.0,
    "s[5, 2]": 1.0,
    "s[7, 2]": 5.0,
    "s[11, 2]": 2.0,
    "s[12, 2]": 6.0,
    "s[15, 2]": 3.0,
    "s[18, 2]": 8.0,
    "s[21, 2]": 8.0,
    "s[9, 3]": 1.0,
    "s[21, 3]": 1.0
  },
  "D": {
    "D[13, 0]": 0.13025114502724258,
    "D[4, 1]": 0.06201687431894243,
    "D[1, 2]": 0.6452259859663574,
    "D[2, 2]": 0.18261686194568405,
    "D[5, 2]": 1.2308163839054451,
    "D[7, 2]": 0.43905979493978897,
    "D[11, 2]": 1.016891251377496,
    "D[12, 2]": 0.3018225497228233,
    "D[15, 2]": 0.8402028224093048,
    "D[18, 2]": 0.08452239364851266,
    "D[9, 3]": 0.15008411614689976
  },
  "t": {
    "t[1]": 0.720931168703828,
    "t[2]": 1.1835402908618562,
    "t[3]": 0.9226464056409895,
    "t[4]": 0.062016873504035175,
    "t[5]": 0.13534077018266544,
    "t[6]": 0.10843039612518623,
    "t[7]": 0.9270973582169973,
    "t[8]": 0.7035934617160818,
    "t[9]": 0.15008411614689976,
    "t[10]": 1.0453136217375134,
    "t[11]": 0.34926590480608866,
    "t[12]": 1.0643346045399085,
    "t[13]": 1.1841523454060165,
    "t[14]": 0.7109885863610543,
    "t[15]": 0.5259543232969008,
    "t[16]": 0.2631465902668424,
    "t[17]": 0.48319595598150045,
    "t[18]": 1.2816347599145956,
    "t[19]": 0.8570005568326451,
    "t[20]": 0.793247593799606
  },
  "t_a": {
    "t_a[10]": 1.045313621673818
  },
  "T": {
    "T[1]": 0.720931168703828,
    "T[2]": 1.1835402908618562,
    "T[3]": 0.9226464056409895,
    "T[4]": 0.062016873504035175,
    "T[5]": 0.13534077018266544,
    "T[6]": 0.10843039612518623,
    "T[7]": 0.9270973582169972,
    "T[8]": 0.703593461716082,
    "T[9]": 0.15008411614689976,
    "T[10]": 1.045313621929381,
    "T[11]": 0.34926590480608866,
    "T[12]": 1.0643346045399085,
    "T[13]": 1.1841523449651963,
    "T[14]": 0.7109885863610543,
    "T[15]": 0.5259543303982355,
    "T[16]": 0.2631465902668424,
    "T[17]": 0.48319595598150045,
    "T[18]": 1.2816347599145956,
    "T[19]": 0.8570005568326451,
    "T[20]": 0.793247593799606
  },
  "A": {
    "A[0]": 1.0868528912316138
  },
  "B": {
    "B[0]": 1.3144034901051782,
    "B[1]": 0.12403374700807035,
    "B[2]": 1.3661571528064087,
    "B[3]": 0.3001682322937995
  },
  "B_a": {
    "B_a[0]": 1.3144034901051782,
    "B_a[1]": 0.12403374700807035,
    "B_a[2]": 1.3661571528064087,
    "B_a[3]": 0.3001682322937995
  },
  "u": {
    "u[0]": 1.0,
    "u[1]": 1.0,
    "u[2]": 1.0,
    "u[3]": 1.0
  },
  "Optimal": 8.977622832541684,
  "Time": 18262327,
  "num_constraint": 107768,
  "Number of variables": 90210,
  "status": "FEASIBLE",
  "L": 30,
  "L_a": 480,
  "num_staff": 4,
  "cus_per_staff": 5,
  "staff_velocity": 35,
  "drone_velocity": 50,
  "solver": "SCIP",
  "num_worker": -1,
  "time_limit": 18000000
}